"id,""tema"",""subtema"",""texto_pregunta"",""opcion_a"",""opcion_b"",""opcion_c"",""opcion_d"",""opcion_e"",""alternativa_correcta"",""respuesta_correcta"",""tipo_origen"",""origen"",""imagen"",""notas""";;;;;
"1,""Lenguaje Audiovisual"",""Redes sociales profesionales"",""¿Cuál de las siguientes redes sociales está más orientada a conectar profesionales y buscar oportunidades laborales?"",""Instagram"",""Tik Tok"",""Snapchat"",""LinkedIn"",""Pinterest"",""a"",""LinkedIn"",""EXAMEN ADMISIÓN"",""CPU-30-03-2025-1"","""",""""";;;;;
"2,""Lenguaje Audiovisual"",""Funciones del lenguaje"",""¿Cuáles son las funciones básicas del lenguaje?"",""Conativa – de glosa - fática"",""Metalingüística – poética - referencial"",""Conativa – sintomática – fálica"",""Representativa – apelativa - expresiva"",""De glosa – fática - apelativa"",""d"",""Representativa – apelativa - expresiva"",""EXAMEN ADMISIÓN"",""CPU-30-03-2025-1"","""",""""";;;;;
"3,""Gramática y Ortografía"",""Sufijos nominales"",""El sufijo –ante es una terminación de sustantivos como caminante, solicitante, navegante. A partir de la explicación dada, se colige que “tales sustantivos se derivan a partir de un ………”."",""Verbo"",""Adjetivo"",""Adverbio"",""Sustantivo"",""Pronombre"",""a"",""Verbo"",""EXAMEN ADMISIÓN"",""CPU-30-03-2025-1"","""",""""";;;;;
"4,""Gramática y Ortografía"",""Elementos del signo lingüístico"",""Es en la lengua, la expresión del signo (la expresión que utiliza el hablante cuando transmite el concepto al que lo tiene asociado) que está constituida por una sucesión de elementos fónicos sucesivos. Como, por ejemplo: m-e-s-a, que está constituido por cuatro sonidos. El siguiente concepto corresponde a uno de los elementos del que está compuesto el signo lingüístico:"",""Sema"",""Simbolo"",""Significado"",""Significante"",""Morfema"",""d"",""Significante"",""EXAMEN ADMISIÓN"",""CPU-30-03-2025-1"","""",""""";;;;;
"5,""Literatura"",""Características del Clasicismo"",""No es una característica de Clasicismo:"",""Fondo y forma"",""Hermetismo"",""Dioses"",""Culto a la belleza"",""Originalidad y creatividad"",""b"",""Hermetismo"",""EXAMEN ADMISIÓN"",""CPU-30-03-2025-1"","""",""""";;;;;
"6,""Literatura"",""Tema central de """"Los galinazos sin plumas"""""",""¿Cuál es el lema central de “Los galinazos sin plumas”?"",""El abandono"",""La frustración"",""La explotación"",""La degradación"",""La melancolía"",""a"",""El abandono"",""EXAMEN ADMISIÓN"",""CPU-30-03-2025-1"","""",""""";;;;;
"7,""Antonimia"",""Antonimia contextual"",""Elige el antónimo contextual de la palabra resaltada en la siguiente oración: Es una persona FOGUEADA en la técnica, pues la práctica diariamente."",""Novata"",""Astuta"",""Descreída"",""Fingida"",""Ignorante"",""a"",""Novata"",""EXAMEN ADMISIÓN"",""CPU-30-03-2025-1"","""",""""";;;;;
"8,""Antonimia"",""Antónimos de adjetivos"",""Marca la alternativa que exprese el antónimo de COMEDIDO"",""Grosero"",""Alento"",""Distraer"",""Listo"",""Frugal"",""a"",""Grosero"",""EXAMEN ADMISIÓN"",""CPU-30-03-2025-1"","""",""""";;;;;
"9,""Analogías"",""Analogías funcionales"",""ZAPATO es a CAMINAR"",""Guante :  boxear"",""Abrigo : tapar"",""Bolígrafo :  escribir"",""Hilo : cocer"",""Papel : dibujar"",""a"",""Guante :  boxear"",""EXAMEN ADMISIÓN"",""CPU-30-03-2025-1"","""",""""";;;;;
"10,""Analogías"",""Analogías de partes arquitectónicas"",""LIMBRAL es a PUERTA"",""Alero : casa"",""Alféizar : ventana"",""Cornisa : techo"",""Capital : columna"",""Dintel : vestibulo"",""b"",""Alféizar : ventana"",""EXAMEN ADMISIÓN"",""CPU-30-03-2025-1"","""",""""";;;;;
"11,""Series Verbales y Término Excluido"",""Formación de superlativos irregulares"",""¿Qué alternativa continúa la siguiente serie? Bueno, fuerte, nuevo. ______ fortísimo, bonísimo."",""Durísimo"",""Nuevísimo"",""Fuertísimo"",""Novísimo"",""Riquísimo"",""d"",""Novísimo"",""EXAMEN ADMISIÓN"",""CPU-30-03-2025-1"","""",""""";;;;;
"12,""Series Verbales y Término Excluido"",""Terminología de fobias"",""¿Qué alternativa continúa la siguiente serie? Aracnofobia: arañas. ______ : gatos, necrófobia: ________."",""Ailurofobia - muerte"",""Ailurofobia - noche"",""Ailurofobia - cadáveres"",""Galofobia - muertos"",""Cinofobia - negros"",""a"",""Ailurofobia - muerte"",""EXAMEN ADMISIÓN"",""CPU-30-03-2025-1"","""",""""";;;;;
"13,""Relaciones Semánticas y Formales"",""Relaciones semánticas"",""Marca la alternativa correcta: I. Brasero — bracero: homófonas II. Sombrio — lóbrego: sinónimas III. Neonato — senecto: antónimas IV. Sólito — sólido: homófonas"",""I y IV"",""I, II y IV"",""II, III y IV"",""I, II y III"",""I, II, III y IV"",""d"",""I, II y III"",""EXAMEN ADMISIÓN"",""CPU-30-03-2025-1"","""",""""";;;;;
"14,""Relaciones Semánticas y Formales"",""homófonos "",""Indique qué oraciones están correctamente redactadas: i. Tomé un sumo de naranja en el desayuno. ii. Cristhian, sí sumo mal, me avisas. iii. Noelia, a lo sumo, vendré a las 7 p.m. IV. Rocío, te invito un zumo de limón."",""II, III y IV"",""II y III"",""I, II y III"",""I y III"",""II y IV"",""a"",""II, III y IV"",""EXAMEN ADMISIÓN"",""CPU-30-03-2025-1"","""",""""";;;;;
"15,""Inclusión e Implicancia de Conceptos"",""Relación hiperónimo-hipónimo"",""¿Qué alternativa está implicada en la definición de las demás?"",""Bote"",""Embarcación"",""Barco"",""Buque"",""Lancha"",""b"",""Embarcación"",""EXAMEN ADMISIÓN"",""CPU-30-03-2025-1"","""",""""";;;;;
"16,""Inclusión e Implicancia de Conceptos"",""Jerarquía conceptual"",""Señale lo correcto: I. El concepto TELEGRAFO supone el concepto COMUNICACIÓN. II. El concepto DEDO está incluido en el de DIGITAL. III. El concepto INTEMPORAL incluye el de TIEMPO."",""I y II"",""Solo III"",""Solo I"",""I, II y III"",""Solo II"",""a"",""I y II"",""EXAMEN ADMISIÓN"",""CPU-30-03-2025-1"","""",""""";;;;;
"17,""Comprensión de Texto"",""Análisis crítico"",""Texto del Tema: Es preciso tener en cuenta que Sócrates, como todos los genios, quizá no lo pareciera ante los ojos de sus contemporáneos hasta que su muerte depuró en él, por decirlo así, toda aquella especie de imperfección que empequeñece, cuando se las mira de cerca, a las más grandes figuras. Desde luego, aún sus más furiosos partidarios no podrán menos que confesar que había motivo para engañarse al apreciar los objetivos de Sócrates, cuando se le veía discutir con chistes y cuentecitos entre la plebe menos ilustrada. Esta singular conducta, cuando sus años fines no eran bien conocidos, se prestaba indudablemente al ridículo, y por eso Sócrates, que despreciaba las vologares preocupaciones que acerca de él existían, fue el blanco, como dice Séneca, de las envenenadas burlas de los cômicos. Porque no fue solo Aristófanes quien lo escarneció en el teatro";" Eupolis y Amipsias lo llamaron vanidoso, mendigo y ladrón, y es de creer que también otros, dada la declarada guerra que entre poetas, cômicos, filósofos y trágicos existía. PREGUNTA: Según el texto, ¿qué es correcto?"",""La muerte descubrió las pequeñeces de Sócrates para sus contemporáneos."",""Las imperfecciones empequeñas a la más grandes figuras, cuando se les mira de cerca."",""Sócrates no tenía imperfecciones."",""Sócrates no fue visto como todos los genios a él lo criticaron sus contemporáneos."",""Los partidarios de Sócrates también lo eran de Séneca."",""b"",""Las imperfecciones empequeñas a la más grandes figuras, cuando se les mira de cerca."",""EXAMEN ADMISIÓN"",""CPU-30-03-2025-1"","""",""""";;;;
"18,""Comprensión de Texto"",""Análisis crítico"",""Texto del Tema: Es preciso tener en cuenta que Sócrates, como todos los genios, quizá no lo pareciera ante los ojos de sus contemporáneos hasta que su muerte depuró en él, por decirlo así, toda aquella especie de imperfección que empequeñece, cuando se las mira de cerca, a las más grandes figuras. Desde luego, aún sus más furiosos partidarios no podrán menos que confesar que había motivo para engañarse al apreciar los objetivos de Sócrates, cuando se le veía discutir con chistes y cuentecitos entre la plebe menos ilustrada. Esta singular conducta, cuando sus años fines no eran bien conocidos, se prestaba indudablemente al ridículo, y por eso Sócrates, que despreciaba las vologares preocupaciones que acerca de él existían, fue el blanco, como dice Séneca, de las envenenadas burlas de los cômicos. Porque no fue solo Aristófanes quien lo escarneció en el teatro";" Eupolis y Amipsias lo llamaron vanidoso, mendigo y ladrón, y es de creer que también otros, dada la declarada guerra que entre poetas, cômicos, filósofos y trágicos existía. PREGUNTA: Según el texto, ¿qué es correcto?"",""Es puesta en tela de juicio por el autor."",""Fue reconocida por sus contemporáneos."",""Fue reconocida póstumamente."",""Fue defendida por sus partidarios, dada la claridad de sus objetivos."",""No fue apreciada hasta después de la muerte de sus rivales."",""c"",""Fue reconocida póstumamente."",""EXAMEN ADMISIÓN"",""CPU-30-03-2025-1"","""",""""";;;;
"19,""Oraciones Eliminadas"",""Coherencia textual"",""EL MEDIO TELEVISIVO Y LA POLÍTICA I. La televisión es un medio de comunicación que sirve para orientar, educar y entretener. II. El medio televisivo ha tenido un papel protagónico en las atacaciones de algunos presidentes en el mundo. III. Es como una pieza pública que invita a los candidatos para exponer sus propuestas. IV. Los candidatos derivan la oportunidad de aparecer en la televisión para obtener simpatías emocionales. V. La televisión es un medio certero y relativamente barato para difundir ideas políticas."",""III"",""II"",""IV"",""I"",""V"",""a"",""III"",""EXAMEN ADMISIÓN"",""CPU-30-03-2025-1"","""",""""";;;;;
"20,""Oraciones Eliminadas"",""Hagiografía "",""LA HAGIOGRAFÍA I. El término hagiografía hace referencia al estudio de la vida de los santos. II. La hagiografía se convirtió en una rama de la historia de la Iglesia. III. La Iglesia Católica siempre ha combatido el culto a los santos. IV. La hagiografía tenía como objetivo fijar qué santos podían ser objeto de culto. V. Gracias a la hagiografía paulatinamente fue incrementándose el culto a los santos."",""IV"",""V"",""II"",""III"",""I"",""d"",""III"",""EXAMEN ADMISIÓN"",""CPU-30-03-2025-1"","""",""""";;;;;
"21,""Álgebra"",""ecuaciones algebraicas"",""Hallar x en: "",""3"",""4"",""5"",""6"",""7"",""c"",""5"",""EXAMEN ADMISIÓN"",""CPU-30-03-2025-1"",""https://raw.githubusercontent.com/banco-preguntas-ia/bank/refs/heads/master/images/CPU-2025-1/21.png"",""""";;;;;
"22,""Álgebra"",""Racionalización de expresiones con radicales"",""Racionalizar la siguiente expresión: "",""√7 - √2"",""√13 - √2"",""5√7 - √5"",""√5 - √3"",""√3 - √2"",""a"",""√7 - √2"",""EXAMEN ADMISIÓN"",""CPU-30-03-2025-1"",""https://raw.githubusercontent.com/banco-preguntas-ia/bank/refs/heads/master/images/CPU-2025-1/22.png"",""""";;;;;
"23,""Álgebra"",""Números complejos"",""Si:  z ⊂ C/|z+9| = 3|z+1|, calcular: |z| "",""1"",""2"",""6"",""9"",""3"",""e"",""3"",""EXAMEN ADMISIÓN"",""CPU-30-03-2025-1"","""",""""";;;;;
"24,""Álgebra"",""expresiones algebraicas"",""Si se tiene que: "",""27"",""36"",""35"",""18"",""28"",""b"",""36"",""EXAMEN ADMISIÓN"",""CPU-30-03-2025-1"",""https://raw.githubusercontent.com/banco-preguntas-ia/bank/refs/heads/master/images/CPU-2025-1/24.png"",""""";;;;;
"25,""Álgebra"",""Polinomios"",""Sabiendo que:"",""1"",""2"",""4"",""3"",""0"",""e"",""0"",""EXAMEN ADMISIÓN"",""CPU-30-03-2025-1"",""https://raw.githubusercontent.com/banco-preguntas-ia/bank/refs/heads/master/images/CPU-2025-1/25.png"",""""";;;;;
"26,""Álgebra"",""Operaciones con radicales y exponentes"",""Si ∛(x⁵ · √(x² · ∜x²)) es equivalente a "",""4"",""25"",""81"",""9"",""5"",""e"",""5"",""EXAMEN ADMISIÓN"",""CPU-30-03-2025-1"",""https://raw.githubusercontent.com/banco-preguntas-ia/bank/refs/heads/master/images/CPU-2025-1/26.png"",""""";;;;;
"27,""Aritmética"",""Problemas de conjuntos y razonamiento lógico"",""De 32 personas que practican básquet o vóley se sabe que el número de mujeres que practica solo basquet es menor en la que las personas que practican ambos deportes y es la cuarta parte de los hombres que practican solo vóley. Si los hombres que practican solo básquet son tantos como los que practican solo vóley, calcule la máxima cantidad de personas practican solo básquet."",""8"",""12"",""10"",""9"",""11"",""c"",""10"",""EXAMEN ADMISIÓN"",""CPU-30-03-2025-1"","""",""""";;;;;
"28,""Aritmética"",""Problemas de gasto y máximo valor"",""Angela va a una librería y compra lápices, lapiceros y borradores"; cada lapicero cuesta S/.0,60;" cada lápiz S/.0,30 y cada borrador S/.0,50. Si llevó S/.20 y le dieron de vuelto S/.8, ¿cuántos borradores como máximo puede comprar?"",""23"",""22"",""18"",""21"",""20"",""d"",""21"",""EXAMEN ADMISIÓN"",""CPU-30-03-2025-1"","""",""""";;;
"29,""Aritmética"",""Raíz cuadrada y valor numérico"",""Hallar el valor de a + b + c, si al extraer la raíz cuadrada de 'b5c9' (número de 4 digitos) se obtiene 'ab' (número de 2 digitos)"",""21"",""17"",""18"",""19"",""20"",""a"",""21"",""EXAMEN ADMISIÓN"",""CPU-30-03-2025-1"","""",""""";;;;;
"30,""Aritmética"",""Máximo común divisor (MCD) y fracciones equivalentes"",""El MCD del numerador y denominador de una fracción equivalente a 16/72 es 13, ¿cuál es esta fracción?"",""130/234"",""52/65"",""26/117"",""65/117"",""26/239"",""c"",""26/117"",""EXAMEN ADMISIÓN"",""CPU-30-03-2025-1"","""",""""";;;;;
"31,""Geometría"",""Segmentos y proporciones geométricas"",""Sobre una recta se tienen los puntos consecutivos P, Q, R, y S, tales que: (PQ/3)=(QR/4)=(RS/5) y 2PQ + 5QR + 8RS = 132 Hallar: PQ"",""4"",""3"",""2"",""5"",""6"",""e"",""6"",""EXAMEN ADMISIÓN"",""CPU-30-03-2025-1"","""",""""";;;;;
"32,""Geometría"",""Rectas paralelas y segmentos proporcionales"",""Si L1 ∥ L2 ∥ L3 ∥ L4. Hallar """"x"""""",""1"",""3"",""4"",""5"",""2"",""e"",""2"",""EXAMEN ADMISIÓN"",""CPU-30-03-2025-1"",""https://raw.githubusercontent.com/banco-preguntas-ia/bank/refs/heads/master/images/CPU-2025-1/32.png"",""""";;;;;
"33,""Geometría"",""Relaciones métricas en segmentos"",""Sobre una línea recta se ubican los puntos consecutivos A, B, C y D, tales que: AB·CD = AD·BC, BC·CD = 28, CD - BC = 7. Calcular AC"",""6"",""5"",""8"",""4"",""2"",""c"",""8"",""EXAMEN ADMISIÓN"",""CPU-30-03-2025-1"","""",""""";;;;;
"34,""Geometría"",""Ángulos en triángulos"",""Calcular """"x"""" en la siguiente figura";" si AB = BD y BC = AC"",""30°"",""40°"",""10°"",""20°"",""25°"",""b"",""40°"",""EXAMEN ADMISIÓN"",""CPU-30-03-2025-1"",""https://raw.githubusercontent.com/banco-preguntas-ia/bank/refs/heads/master/images/CPU-2025-1/34.png"",""""";;;;
"35,""Trigonometría"",""Identidades trigonométricas"",""Si: senx + sen²x = 1, calcular: E = cos²x + cos⁴x"",""-1"",""2"",""3"",""4"",""1"",""e"",""1"",""EXAMEN ADMISIÓN"",""CPU-30-03-2025-1"","""",""""";;;;;
"36,""Trigonometría"",""Identidades trigonométricas"",""Calcular: A = tgx(1 - ctg²x) + ctgx(1 - tg²x)"",""0"",""-1"",""-1"",""2"",""-2"",""a"",""0"",""EXAMEN ADMISIÓN"",""CPU-30-03-2025-1"","""",""""";;;;;
"37,""Estadística"",""Distribución de frecuencias"",""Complete el siguiente cuadro de distribución de frecuencias (ver tabla adjunta). Calcular: a + x₅ + f₂"",""75"",""80"",""70"",""90"",""85"",""e"",""85"",""EXAMEN ADMISIÓN"",""CPU-30-03-2025-1"",""https://raw.githubusercontent.com/banco-preguntas-ia/bank/refs/heads/master/images/CPU-2025-1/37.png"",""""";;;;;
"38,""Estadística"",""Cálculo de la moda en datos agrupados"",""A través de una encuesta realizada a 400 trabajadores sobre sus salarios mensuales (ver tabla adjunta). Calcula la moda"",""81"",""82"",""83"",""84"",""85"",""e"",""85"",""EXAMEN ADMISIÓN"",""CPU-30-03-2025-1"",""https://raw.githubusercontent.com/banco-preguntas-ia/bank/refs/heads/master/images/CPU-2025-1/38.png"",""""";;;;;
"39,""Estadística"",""Probabilidad condicional"",""El departamento de ventas de un hipermercado reportó que el 20% de sus ventas son pagadas en efectivo";" el 35% con cheque y 45% con tarjeta de crédito. El 30% de las compras en efectivo, el 80% de las compras con cheques y el 70% de las compras con tarjeta son por más de $60. La señora Peña acaba de comprar en ese hipermercado por un monto de $100, ¿cuál es la probabilidad que haya pagado con tarjeta de crédito?"",""0,305/0,655"",""0,315/0,655"",""0,315/0,556"",""0,305/0,056"",""0,305/0,556"",""b"",""0,315/0,655"",""EXAMEN ADMISIÓN"",""CPU-30-03-2025-1"","""",""""";;;;
"40,""Estadística"",""Media, mediana y moda"",""Se registran las estaturas en centímetros de 6 estudiantes ordenadas de menor a mayor, las cuales son: 147"; a;a; b;162;" 171. Si la media y la mediana son 157 y 154.5, respectivamente, calcule la moda:"",""154"",""155"",""156"",""157"",""153"",""e"",""153"",""EXAMEN ADMISIÓN"",""CPU-30-03-2025-1"","""","""""
"41,""Biología"",""Estructuras celulares procariotas"",""Juan está estudiando las diferencias entre células procariotas y eucariotas. Nota que una bacteria es mucho más simple y pequeña que una célula animal. Además, observa que las bacterias carecen de organelas";" pero encuentra que una de las siguientes estructuras es exclusiva de estas células:"",""Tiene una membrana celular"",""Contiene mitocondrias para la respiración celular"",""Posee únicamente 2 cromosomas"",""Su ADN está en un nucleoide, no en un núcleo."",""Su ADN está organizado en cromosomas lineales."",""d"",""Su ADN está en un nucleoide, no en un núcleo."",""EXAMEN ADMISIÓN"",""CPU-30-03-2025-1"","""",""""";;;;
"42,""Biología"",""Organelas exclusivas de eucariotas"",""En su clase de Biología, Jacinta observa una imagen de una célula en el microscopio y nota la presencia de un núcleo claramente definido. La profesora le explica que esta característica es distintiva de las células eucariotas, en contraste con las procariotas. Jacinta se pregunta qué otras estructuras son únicas en este tipo de células:"",""Ribosomas"",""Pared celular"",""Mitocondrias"",""Membrana plasmática"",""Material genético en forma de ADN"",""c"",""Mitocondrias"",""EXAMEN ADMISIÓN"",""CPU-30-03-2025-1"","""",""""";;;;;
"43,""Biología"",""Ciclo celular: Interfase"",""En clase, el profesor preguntó: 'Cuando una célula no está en división, sigue realizando sus funciones normales en una etapa que forma la mayor parte de su vida' ¿Cómo se llama esta etapa?"",""Mitosis"",""Interfase"",""Citocinesis"",""Anafase"",""Telofase"",""b"",""Interfase"",""EXAMEN ADMISIÓN"",""CPU-30-03-2025-1"","""",""""";;;;;
"44,""Biología"",""Protozoos flagelados y enfermedades"",""Entre los protozoos flagelados se encuentran muchos organismos causantes de enfermedades. Tal es el caso de la vaginitis causada por:"",""Candida"",""Trychomonas"",""Plasmodium"",""Balantidium"",""Entamoeba"",""b"",""Trychomonas"",""EXAMEN ADMISIÓN"",""CPU-30-03-2025-1"","""",""""";;;;;
"45,""Biología"",""Homeostasis en seres vivos"",""Es el estado de equilibrio dinámico que caracteriza a los seres vivos, manifestado en sus componentes y procesos, este enunciado pertenece a:"",""Sensibilidad"",""Irritabilidad"",""Homeostasis"",""Respuesta"",""Movimiento"",""c"",""Homeostasis"",""EXAMEN ADMISIÓN"",""CPU-30-03-2025-1"","""",""""";;;;;
"46,""Biología"",""Tipos de algas marinas"",""Es un tipo de alga marina que se encuentra a mayor profundidad (100-200 metros de la superficie). Se caracterizan por presentar rodoplastos que contienen clorofila, tiene pigmentos accesorios Ficoeritrina y Ficocianina. Este enunciado pertenece a:"",""Feofitas"",""Clorofitas"",""A y B"",""Rodofitas"",""Crisofitas"",""d"",""Rodofitas"",""EXAMEN ADMISIÓN"",""CPU-30-03-2025-1"","""",""""";;;;;
"47,""Química"",""Configuración electrónica y subniveles"",""¿Cuántos electrones como máximo se pueden ubicar en una configuración que presenta 3 subniveles 'p' llenos?"",""52"",""54"",""55"",""53"",""56"",""d"",""53"",""EXAMEN ADMISIÓN"",""CPU-30-03-2025-1"","""",""""";;;;;
"48,""Química"",""Isótopos y electrones de valencia"",""Un elemento químico posee dos isótopos cuyos números de masa suman 138 y poseen 70 neutrones en total. Indique el número de electrones de valencia."",""6"",""3"",""4"",""5"",""7"",""a"",""6"",""EXAMEN ADMISIÓN"",""CPU-30-03-2025-1"","""",""""";;;;;
"49,""Química"",""Cálculos estequiométricos"",""En 550 toneladas de muestra de pirita se encontró que contenía 80% en masa de sulfuro ferroso (FeS). Determine la masa de hierro, en toneladas, que está presente en dicha muestra. Datos: masas molares (g/mol): S = 32";" Fe = 56"",""240"",""320"",""360"",""280"",""450"",""d"",""280"",""EXAMEN ADMISIÓN"",""CPU-30-03-2025-1"","""",""""";;;;
"50,""Química"",""Concentración porcentual en masa"",""Un ácido nítrico concentrado tiene una densidad de 1,38 g/ml y una molaridad de 20,8 mol/L. ¿Cuál es la concentración en porcentaje en masa de HNO₃ en la solución?"",""80"",""50"",""75"",""95"",""10"",""d"",""95"",""EXAMEN ADMISIÓN"",""CPU-30-03-2025-1"","""",""""";;;;;
"51,""Química"",""Velocidad de reacción química"",""Se oxida amoniaco (NH₃) y se produce gas nitrógeno y vapor (H₂O). Se observa que la velocidad del (NH₃) es 20 mol/L.min. Calcule la V_{O₂}."",""15 mol/L.min"",""5 mol/L.min"",""10 mol/L.min"",""20 mol/L.min"",""25 mol/L.min"",""a"",""15 mol/L.min"",""EXAMEN ADMISIÓN"",""CPU-30-03-2025-1"","""",""""";;;;;
"52,""Química"",""Nomenclatura de compuestos inorgánicos"",""Evalúe cada alternativa e indique la relación incorrecta de la fórmula: nombre"",""PO₄⁻³: fosfato"",""NO₃⁻¹: nitrato"",""BO₃⁻³: borato"",""CIO₄⁻¹: clorato"",""CrO₄⁻²: cromato"",""d"",""CIO₄⁻¹: clorato"",""EXAMEN ADMISIÓN"",""CPU-30-03-2025-1"","""",""""";;;;;
"53,""Física"",""Módulo de vectores"",""Hallar el módulo del vector resultante de los vectores de la imagen al combinarlos."",""8 u"",""7 u"",""2 u"",""15 u"",""14 u"",""b"",""7 u"",""EXAMEN ADMISIÓN"",""CPU-30-03-2025-1"",""https://raw.githubusercontent.com/banco-preguntas-ia/bank/refs/heads/master/images/CPU-2025-1/53.png"",""""";;;;;
"54,""Física"",""Aceleración en planos inclinados"",""Hallar la aceleración con que se desplazan los bloques de igual masa. Los bloques de la imagen estan unidos por una cuerda, uno sobre una superficie horizontal y otro sobre un plano inclinado a 30°."",""g"",""g/2"",""g/4"",""2g"",""3g/2"",""c"",""g/4"",""EXAMEN ADMISIÓN"",""CPU-30-03-2025-1"",""https://raw.githubusercontent.com/banco-preguntas-ia/bank/refs/heads/master/images/CPU-2025-1/54.png"",""""";;;;;
"55,""Física"",""Aceleración de la gravedad en planetas"",""Halle la aceleración de la gravedad en un planeta de M = 10²³ kg";" R = 1000 km"",""5m/s²"",""6,1m/s²"",""9,6m/s²"",""6,67m/s²"",""8,1m/s²"",""d"",""6,67m/s²"",""EXAMEN ADMISIÓN"",""CPU-30-03-2025-1"","""",""""";;;;
"56,""Física"",""Equilibrio electrostático"",""En la figura se muestra dos cargas q₁ = +50 μC y q₂ = -18 μC separadas la distancia d = 4m. Calcular la distancia x que define la posición de un punto P en el cual toda carga negativa se encontrará siempre en equilibrio. Donde P se encuentra a una distancia de x de q₂ y a x+d de q₁ ."",""2m"",""4m"",""8m"",""6m"",""10m"",""d"",""6m"",""EXAMEN ADMISIÓN"",""CPU-30-03-2025-1"",""https://raw.githubusercontent.com/banco-preguntas-ia/bank/refs/heads/master/images/CPU-2025-1/56.png"",""""";;;;;
"57,""Anatomía"",""Composición del tejido óseo"",""El tejido óseo es uno de los más resistentes y rígidos del organismo, debido a la presencia de:"",""Células osteoblastos"",""Células osteocitos"",""Fosfato de calcio"",""Células osteoclastos"",""Osteonectina"",""c"",""Fosfato de calcio"",""EXAMEN ADMISIÓN"",""CPU-30-03-2025-1"","""",""""";;;;;
"58,""Anatomía"",""Diálisis y su aplicación"",""¿Qué es la diálisis y cuándo se utiliza?"",""Un método artificial para filtrar la sangre cuando los riñones fallan"",""Un procedimiento para eliminar el exceso de agua del cuerpo."",""Un tratamiento para infecciones urinarias."",""Una técnica para aumentar la producción de orina."",""Un examen para medir la función renal."",""a"",""Un método artificial para filtrar la sangre cuando los riñones fallan"",""EXAMEN ADMISIÓN"",""CPU-30-03-2025-1"","""",""""";;;;;
"59,""Anatomía"",""Hormonas en el parto"",""¿Cuál de las siguientes hormonas es responsable de las contracciones uterinas durante el parto?"",""Estrógeno"",""Progesterona"",""Hormona folículo estimulante (FSH)"",""Oxitocina"",""Hormona luteinizante (LH)"",""d"",""Oxitocina"",""EXAMEN ADMISIÓN"",""CPU-30-03-2025-1"","""",""""";;;;;
"60,""Anatomía"",""Tejido cartilaginoso"",""Es un tejido conectivo de consistencia semirigida semejante al plástico que se encuentra adaptada para soportar peso y su eficacia, en este sentido, solo es superada por el tejido óseo. A qué tejido corresponde:"",""Tejido elástico"",""Tejido adiposo"",""Tejido cartilaginoso"",""Tejido óseo"",""Tejido óseo esponjoso"",""c"",""Tejido cartilaginoso"",""EXAMEN ADMISIÓN"",""CPU-30-03-2025-1"","""",""""";;;;;
"61,""Historia del Perú"",""Arqueología peruana: Cueva de Pikimachay"",""La cueva de Pikimachay, ubicado en el departamento de Ayacucho fue estudiado por el arqueólogo:"",""Ramiro Matos."",""Edward Lanning"",""Rafael Larco Hoyle"",""Augusto Cardich"",""Richard Mc Neish"",""e"",""Richard Mc Neish"",""EXAMEN ADMISIÓN"",""CPU-30-03-2025-1"","""",""""";;;;;
"62,""Historia del Perú"",""Historia económica del Perú"",""Durante qué gobierno, el Perú empezó a depender del capital norteamericano (EE. UU.)"",""Manuel Prado Ugarteche"",""Manuel A. Odria"",""Augusto B. Leguia"",""Fernando Belaunde Terry"",""Manuel Candamo"",""c"",""Augusto B. Leguia"",""EXAMEN ADMISIÓN"",""CPU-30-03-2025-1"","""",""""";;;;;
"63,""Historia del Mundo"",""Guerras en la antigua Grecia"",""Las Guerras Médicas y la Guerra del Peloponeso se desarrollaron en:"",""En la antigua Roma"",""En la Hegemonia de los Acadios"",""La antigua Grecia"",""En el territorios de los Macedonios"",""En territorios de los Egeos"",""c"",""La antigua Grecia"",""EXAMEN ADMISIÓN"",""CPU-30-03-2025-1"","""",""""";;;;;
"64,""Historia del Mundo"",""Culturas antiguas: Fenicios"",""Fue una de las culturas en difundir el primer alfabeto fonético de 22 letras, también utilizaban la moneda, el trueque y fueron grandes comerciantes:"",""Los egipcios"",""Hebreos"",""Mesopotamia"",""Los persas"",""Los fenicios"",""e"",""Los fenicios"",""EXAMEN ADMISIÓN"",""CPU-30-03-2025-1"","""",""""";;;;;
"65,""Espacio Geográfico"",""Tipos de erosión geológica"",""En las clases de erosión tenemos:"",""Degradación glacial – eólica"",""Médanos – dunas"",""Morrenas y drumlins"",""Agradación kársica"",""Fluvial- eólica"",""e"",""Fluvial- eólica"",""EXAMEN ADMISIÓN"",""CPU-30-03-2025-1"","""",""""";;;;;
"66,""Espacio Geográfico"",""Impacto de las heladas en la agricultura"",""Señala una consecuencia de las heladas en la región Suni:"",""Atrofía el desarrollo de las plantas de cultivo"",""Desprendimiento de grandes bloques de hielo"",""Solo afecta a los tuberculos como la papa"",""Genera la escasez de agua en los ríos"",""Provoca los intensos huaycos en las épocas de verano"",""a"",""Atrofía el desarrollo de las plantas de cultivo"",""EXAMEN ADMISIÓN"",""CPU-30-03-2025-1"","""",""""";;;;;
"67,""Espacio Geográfico"",""Hidrografía peruana"",""Río que pertenece a la hoya del Titicaca"",""Ucayali"",""Desagüadero"",""Urubamba"",""Marañón"",""Chancay"",""b"",""Desagüadero"",""EXAMEN ADMISIÓN"",""CPU-30-03-2025-1"","""",""""";;;;;
"68,""Espacio Geográfico"",""Mal de altura (soroche)"",""¿Cuál es la causa principal del mal del soroche en la región Puna?"",""La alta temperatura"",""La escasa presencia del agua"",""La escasa presencia del oxígeno"",""Se nota la presencia del viento"",""La falta de alimentos"",""c"",""La escasa presencia del oxígeno"",""EXAMEN ADMISIÓN"",""CPU-30-03-2025-1"","""",""""";;;;;
"69,""Psicología"",""Etapas del desarrollo cognitivo (Piaget)"",""Entre los siete y los doce años los niños y niñas se encuentran en la etapa ..."",""De las operaciones formales"",""Preoperacional"",""De las operaciones concretas"",""Sensorial – motora"",""Planteamiento de probabilidades"",""c"",""De las operaciones concretas"",""EXAMEN ADMISIÓN"",""CPU-30-03-2025-1"","""",""""";;;;;
"70,""Psicología"",""Procesos de memoria"",""Tengo la sensación de 'extrañeza' frente a una experiencia ya dada";" la siguiente expresión hace referencia al proceso denominado..."",""La fijación"",""El reconocimiento"",""La retención"",""Localización"",""La evocación"",""b"",""El reconocimiento"",""EXAMEN ADMISIÓN"",""CPU-30-03-2025-1"","""",""""";;;;
"71,""Psicología"",""Procesos afectivos"",""¿Qué son los procesos afectivos?"",""Fenómenos relacionados con la cognición y el razonamiento"",""Cambios fisiológicos en respuestas al ejercicio físico"",""Procesos exclusivamente relacionados con la memoria"",""Actividades que implican únicamente la percepción sensorial"",""Experiencias internas de carácter emocional y sentimental"",""e"",""Experiencias internas de carácter emocional y sentimental"",""EXAMEN ADMISIÓN"",""CPU-30-03-2025-1"","""",""""";;;;;
"72,""Psicología"",""Funciones del cerebelo"",""¿Qué estructura interviene directamente en el mantenimiento de la postura y el equilibrio corporal?"",""El cerebro"",""La médula espinal"",""El bulto raquídeo"",""El hipotálamo"",""El cerebelo"",""e"",""El cerebelo"",""EXAMEN ADMISIÓN"",""CPU-30-03-2025-1"","""",""""";;;;;
"73,""Filosofía"",""Corrientes filosóficas: Materialismo"",""Indique a qué campo filosófico pertenece la teoría de Carlos Marx"",""Materialismo"",""Dogmatismo"",""Idealismo"",""Metafísico"",""Escepticismo"",""a"",""Materialismo"",""EXAMEN ADMISIÓN"",""CPU-30-03-2025-1"","""",""""";;;;;
"74,""Filosofía"",""Positivismo en el Perú"",""Max, en su clase de filosofía en el Perú, dijo: 'El positivismo peruano comienza en la Facultad de Medicina de la UNMSM y termina su vigencia cuando Deústua importa ______ de Europa'."",""La ciencia de Newton"",""El romanticismo"",""La filosofía empírica"",""La filosofía racionalista"",""El espiritualismo"",""e"",""El espiritualismo"",""EXAMEN ADMISIÓN"",""CPU-30-03-2025-1"","""",""""";;;;;
"75,""Economía"",""Demanda perfectamente inelástica"",""¿Qué es una demanda perfectamente inelástica?"",""Una demanda que responde mucho a cambios de precio"",""Una curva de demanda con pendiente positiva"",""Una demanda que no cambia ante variaciones de precio"",""Una demanda que varía proporcionalmente al precio"",""Una demanda que responde más al ingreso"",""c"",""Una demanda que no cambia ante variaciones de precio"",""EXAMEN ADMISIÓN"",""CPU-30-03-2025-1"","""",""""";;;;;
"76,""Economía"",""Aranceles en comercio internacional"",""Es el impuesto que se paga por los productos que ingresan al Perú para que puedan ser comercializados:"",""Precio de compra internacional"",""Tipo de cambio"",""Cotización del producto"",""Commodities"",""Arancel"",""e"",""Arancel"",""EXAMEN ADMISIÓN"",""CPU-30-03-2025-1"","""",""""";;;;;
"77,""Ciudadanía"",""Garantías constitucionales: Hábeas corpus"",""Hace una semana, la policía, sin contar con orden judicial, detuvo a César Zuñiga cuando este transitaba libremente por la calle cerca a su domicilio. César aún se encuentra en la comisaría y ante ello, su familia, para lograr su libertad, puede interponer:"",""Un hábeas data"",""Un hábeas corpus"",""Una acción popular"",""Una acción de amparo"",""Una acción de cumplimiento"",""b"",""Un hábeas corpus"",""EXAMEN ADMISIÓN"",""CPU-30-03-2025-1"","""",""""";;;;;
"78,""Ciudadanía"",""Estructura de la Constitución"",""Dentro de la estructura de la actual Constitución, el último título lleva como nombre:"",""De la persona y sociedad"",""De la estructura del Estado"",""De la reforma de la constitución"",""Del régimen económico"",""Del Estado y la Nación"",""c"",""De la reforma de la constitución"",""EXAMEN ADMISIÓN"",""CPU-30-03-2025-1"","""",""""";;;;;
"79,""Ciudadanía"",""Revocatoria de autoridades"",""La revocatoria de autoridades puede ser aplicada a:"",""Al presidente de la Nación"",""Jueces y fiscales"",""Ministros"",""Congresistas"",""Los alcaldes"",""e"",""Los alcaldes"",""EXAMEN ADMISIÓN"",""CPU-30-03-2025-1"","""",""""";;;;;
"80,""Ciudadanía"",""Diversidad étnica en el Perú"",""En nuestro país se ve una gran cantidad de grupos étnicos, cada uno de ellos presenta diferentes culturas y desarrollo, nuestro país trata de apoyarlos debido a que son parte de la nación peruana, ¿en qué región de nuestro país hay mayor predominación de estos grupos?"",""Amazonía"",""Andina"",""Costera"",""Andina y costera"",""Lima"",""a"",""Amazonía"",""EXAMEN ADMISIÓN"",""CPU-30-03-2025-1"","""",""""";;;;;
"81,""Razonamiento Verbal"",""Impacto del lenguaje audiovisual"",""TEXTO: 'El lenguaje audiovisual ha revolucionado la comunicación moderna, integrando elementos visuales y sonoros para transmitir mensajes complejos. Estudios de neurociencia muestran que el cerebro procesa imágenes 60,000 veces más rápido que texto, lo que explica la eficacia de plataformas como TikTok e Instagram. Sin embargo, expertos advierten sobre la superficialidad cognitiva cuando el consumo es excesivo, destacando la importancia de equilibrar estos medios con lectura profunda. La UNESCO recomienda integrar educación mediática en escuelas para desarrollar pensamiento crítico ante contenidos digitales.' PREGUNTA: ¿Cuál es la idea principal del texto?"",""Las redes sociales son perjudiciales para el aprendizaje"",""El lenguaje audiovisual tiene ventajas y riesgos que requieren educación mediática"",""El cerebro humano no está adaptado a los medios digitales"",""La UNESCO promueve eliminar las redes sociales en escuelas"",""Los mensajes audiovisuales son siempre superficiales"",""b"",""El lenguaje audiovisual tiene ventajas y riesgos que requieren educación mediática"",""GENERADO"",""SIMULACRO-23-04-2025-I"","""",""""";;;;;
"82,""Razonamiento Verbal"",""Neurociencia y procesamiento visual"",""TEXTO: 'El lenguaje audiovisual ha revolucionado la comunicación moderna, integrando elementos visuales y sonoros para transmitir mensajes complejos. Estudios de neurociencia muestran que el cerebro procesa imágenes 60,000 veces más rápido que texto, lo que explica la eficacia de plataformas como TikTok e Instagram. Sin embargo, expertos advierten sobre la superficialidad cognitiva cuando el consumo es excesivo, destacando la importancia de equilibrar estos medios con lectura profunda. La UNESCO recomienda integrar educación mediática en escuelas para desarrollar pensamiento crítico ante contenidos digitales.' PREGUNTA: Según el texto, ¿qué dato neurocientífico soporta la eficacia del lenguaje audiovisual?"",""El 90% de la información transmitida al cerebro es visual"",""Las imágenes se procesan 60,000 veces más rápido que texto"",""Las redes sociales activan solo el hemisferio derecho"",""El cerebro prefiere texto sobre imágenes"",""Los sonidos se procesan más rápido que las imágenes"",""b"",""Las imágenes se procesan 60,000 veces más rápido que texto"",""GENERADO"",""SIMULACRO-23-04-2025-I"","""",""""";;;;;
"83,""Razonamiento Verbal"",""Educación mediática"",""TEXTO: 'El lenguaje audiovisual ha revolucionado la comunicación moderna, integrando elementos visuales y sonoros para transmitir mensajes complejos. Estudios de neurociencia muestran que el cerebro procesa imágenes 60,000 veces más rápido que texto, lo que explica la eficacia de plataformas como TikTok e Instagram. Sin embargo, expertos advierten sobre la superficialidad cognitiva cuando el consumo es excesivo, destacando la importancia de equilibrar estos medios con lectura profunda. La UNESCO recomienda integrar educación mediática en escuelas para desarrollar pensamiento crítico ante contenidos digitales.' PREGUNTA: ¿Qué estrategia recomienda la UNESCO para mitigar los riesgos mencionados?"",""Prohibir el uso de redes sociales en menores de edad"",""Integrar educación mediática en escuelas"",""Limitar el tiempo de exposición a pantallas"",""Fomentar exclusivamente el uso de textos escritos"",""Desarrollar aplicaciones con contenido educativo únicamente"",""b"",""Integrar educación mediática en escuelas"",""GENERADO"",""SIMULACRO-23-04-2025-I"","""",""""";;;;;
"84,""Razonamiento Verbal"",""Antonimia contextual"",""Elige el antónimo contextual de la palabra resaltada en la siguiente oración: Es una persona FOGUEADA en la técnica, pues la práctica diariamente."",""Novata"",""Experta"",""Desinteresada"",""Inexperta"",""Torpe"",""a"",""Novata"",""GENERADO"",""SIMULACRO-23-04-2025-I"","""",""""";;;;;
"85,""Razonamiento Verbal"",""Analogías funcionales"",""ZAPATO es a PIE como..."",""Guante es a MANO"",""Sombrero es a CABEZA"",""Lentes es a OJOS"",""Reloj es a MUÑECA"",""Cinturón es a CINTURA"",""a"",""Guante es a MANO"",""GENERADO"",""SIMULACRO-23-04-2025-I"","""",""""";;;;;
"86,""Razonamiento Verbal"",""Formación de superlativos irregulares"",""¿Qué alternativa continúa la siguiente serie? Bueno, fuerte, nuevo. ______ fortísimo, bonísimo."",""Durísimo"",""Nuevísimo"",""Fuertísimo"",""Novísimo"",""Riquísimo"",""d"",""Novísimo"",""GENERADO"",""SIMULACRO-23-04-2025-I"","""",""""";;;;;
"87,""Lenguaje"",""Elementos del signo lingüístico (Saussure)"",""¿Cuál de estos elementos NO corresponde al signo lingüístico según Saussure?"",""Significante"",""Significado"",""Referente"",""Sema"",""Morfema"",""c"",""Referente"",""GENERADO"",""SIMULACRO-23-04-2025-I"","""",""""";;;;;
"88,""Lenguaje"",""Funciones del lenguaje"",""Identifique la función del lenguaje predominante en: '¡Cierra la puerta ahora mismo!'"",""Referencial"",""Metalingüística"",""Fática"",""Conativa"",""Poética"",""d"",""Conativa"",""GENERADO"",""SIMULACRO-23-04-2025-I"","""",""""";;;;;
"89,""Lenguaje"",""Sufijos nominales"",""El sufijo -ante en palabras como 'caminante' y 'cantante' indica que estos sustantivos derivan de:"",""Adjetivos"",""Adverbios"",""Verbos"",""Sustantivos"",""Pronombres"",""c"",""Verbos"",""GENERADO"",""SIMULACRO-23-04-2025-I"","""",""""";;;;;
"90,""Lenguaje"",""Tilde diacrítica"",""¿Cuál de estas palabras lleva tilde diacrítica?"",""Solo"",""Aun"",""Este"",""Mas"",""El"",""d"",""Mas"",""GENERADO"",""SIMULACRO-23-04-2025-I"","""",""""";;;;;
"91,""Lenguaje"",""Figuras retóricas: Personificación"",""La frase 'El viento susurraba secretos entre los árboles' utiliza principalmente una figura retórica de:"",""Hipérbole"",""Personificación"",""Metonimia"",""Sinécdoque"",""Anáfora"",""b"",""Personificación"",""GENERADO"",""SIMULACRO-23-04-2025-I"","""",""""";;;;;
"92,""Lenguaje"",""Comunicación no verbal"",""En comunicación no verbal, el contacto visual prolongado suele interpretarse como:"",""Agresividad"",""Timidez"",""Seguridad o interés"",""Desinterés"",""Nerviosismo"",""c"",""Seguridad o interés"",""GENERADO"",""SIMULACRO-23-04-2025-I"","""",""""";;;;;
"93,""Literatura"",""Movimientos literarios: Clasicismo"",""¿Qué movimiento literario se caracterizó por el culto a la belleza formal y la imitación de modelos clásicos?"",""Romanticismo"",""Realismo"",""Clasicismo"",""Vanguardismo"",""Naturalismo"",""c"",""Clasicismo"",""GENERADO"",""SIMULACRO-23-04-2025-I"","""",""""";;;;;
"94,""Literatura"",""Los galinazos sin plumas"",""¿Cuál es el lema central de 'Los galinazos sin plumas' de Julio Ramón Ribeyro?"",""El abandono social"",""La lucha de clases"",""La corrupción política"",""La alienación urbana"",""La nostalgia provinciana"",""a"",""El abandono social"",""GENERADO"",""SIMULACRO-23-04-2025-I"","""",""""";;;;;
"95,""Literatura"",""Modernismo en poesía peruana"",""¿Qué autor peruano representó el Modernismo en poesía?"",""César Vallejo"",""José María Arguedas"",""Manuel González Prada"",""José Santos Chocano"",""Abraham Valdelomar"",""d"",""José Santos Chocano"",""GENERADO"",""SIMULACRO-23-04-2025-I"","""",""""";;;;;
"96,""Literatura"",""Figuras retóricas: Metáfora"",""¿Qué figura retórica predomina en 'Tus ojos son dos luceros'?"",""Hipérbole"",""Símil"",""Metáfora"",""Metonimia"",""Anáfora"",""c"",""Metáfora"",""GENERADO"",""SIMULACRO-23-04-2025-I"","""",""""";;;;;
"97,""Literatura"",""Vanguardias literarias: Dadaísmo"",""¿Qué vanguardia literaria se caracterizó por la desestructuración del lenguaje?"",""Creacionismo"",""Ultraísmo"",""Surrealismo"",""Dadaísmo"",""Futurismo"",""d"",""Dadaísmo"",""GENERADO"",""SIMULACRO-23-04-2025-I"","""",""""";;;;;
"98,""Literatura"",""Literatura de la Edad de Oro española"",""¿Qué obra pertenece a la Edad de Oro española?"",""El Lazarillo de Tormes"",""Cien años de soledad"",""La ciudad y los perros"",""Los ríos profundos"",""Un mundo para Julius"",""a"",""El Lazarillo de Tormes"",""GENERADO"",""SIMULACRO-23-04-2025-I"","""",""""";;;;;
"99,""Biología"",""Organelas vegetales: Cloroplasto"",""¿Qué organela es exclusiva de células eucariotas vegetales?"",""Mitocondria"",""Cloroplasto"",""Ribosoma"",""Núcleo"",""Lisosoma"",""b"",""Cloroplasto"",""GENERADO"",""SIMULACRO-23-04-2025-I"","""",""""";;;;;
"100,""Biología"",""Ciclo celular: Fase S"",""¿En qué fase del ciclo celular la célula duplica su ADN?"",""G1"",""S"",""G2"",""M"",""Citocinesis"",""b"",""S"",""GENERADO"",""SIMULACRO-23-04-2025-I"","""",""""";;;;;
"101,""Biología"",""Leyes de Mendel"",""Según las leyes de Mendel, el cruce Aa x Aa producirá una proporción fenotípica de:"",""1:1"",""3:1"",""1:2:1"",""9:3:3:1"",""1:1:1:1"",""b"",""3:1"",""GENERADO"",""SIMULACRO-23-04-2025-I"","""",""""";;;;;
"102,""Biología"",""Cadena trófica: Productores"",""En una cadena trófica, los productores son:"",""Herbívoros"",""Carnívoros"",""Descomponedores"",""Plantas"",""Omnívoros"",""d"",""Plantas"",""GENERADO"",""SIMULACRO-23-04-2025-I"","""",""""";;;;;
"103,""Biología"",""Teoría de la selección natural"",""La teoría de la selección natural fue propuesta por:"",""Lamarck"",""Darwin"",""Mendel"",""Pasteur"",""Watson"",""b"",""Darwin"",""GENERADO"",""SIMULACRO-23-04-2025-I"","""",""""";;;;;
"104,""Biología"",""Estructura celular en bacterias"",""¿Qué estructura celular contiene el material genético en bacterias?"",""Núcleo"",""Nucleoide"",""Plásmido"",""Vacuola"",""Retículo endoplasmático"",""b"",""Nucleoide"",""GENERADO"",""SIMULACRO-23-04-2025-I"","""",""""";;;;;
"105,""Anatomía"",""Hormonas: Paratohormona"",""¿Qué hormona regula principalmente el metabolismo del calcio?"",""Insulina"",""Paratohormona"",""Adrenalina"",""Tiroxina"",""Progesterona"",""b"",""Paratohormona"",""GENERADO"",""SIMULACRO-23-04-2025-I"","""",""""";;;;;
"106,""Anatomía"",""Diálisis y su aplicación"",""¿Qué es la diálisis y cuándo se utiliza?"",""Un método artificial para filtrar la sangre cuando los riñones fallan"",""Un procedimiento para eliminar el exceso de agua del cuerpo"",""Un tratamiento para infecciones urinarias"",""Una técnica para aumentar la producción de orina"",""Un examen para medir la función renal"",""a"",""Un método artificial para filtrar la sangre cuando los riñones fallan"",""GENERADO"",""SIMULACRO-23-04-2025-I"","""",""""";;;;;
"107,""Anatomía"",""Hormonas en el parto"",""¿Qué hormona estimula las contracciones uterinas durante el parto?"",""Estrógeno"",""Progesterona"",""Oxitocina"",""Prolactina"",""LH"",""c"",""Oxitocina"",""GENERADO"",""SIMULACRO-23-04-2025-I"","""",""""";;;;;
"108,""Anatomía"",""Composición del tejido óseo"",""El tejido óseo debe su rigidez principalmente a:"",""Colágeno"",""Fosfato de calcio"",""Osteocitos"",""Médula ósea"",""Vasos sanguíneos"",""b"",""Fosfato de calcio"",""GENERADO"",""SIMULACRO-23-04-2025-I"","""",""""";;;;;
"109,""Anatomía"",""Funciones del cerebelo"",""¿Qué parte del encéfalo regula el equilibrio y coordinación motora?"",""Cerebelo"",""Tálamo"",""Hipotálamo"",""Bulbo raquídeo"",""Hipocampo"",""a"",""Cerebelo"",""GENERADO"",""SIMULACRO-23-04-2025-I"","""",""""";;;;;
"110,""Anatomía"",""Tejido conectivo: Tendones"",""¿Qué tipo de tejido conectivo forma los tendones?"",""Tejido adiposo"",""Tejido cartilaginoso"",""Tejido óseo"",""Tejido elástico"",""Tejido denso regular"",""e"",""Tejido denso regular"",""GENERADO"",""SIMULACRO-23-04-2025-I"","""",""""";;;;;
"111,""Historia del Perú"",""Reformas de Augusto B. Leguía"",""¿Qué presidente implementó la 'Patria Nueva' con reformas modernizadoras a inicios del siglo XX?"",""Augusto B. Leguía"",""Manuel Pardo"",""Ramón Castilla"",""Oscar R. Benavides"",""Manuel A. Odría"",""a"",""Augusto B. Leguía"",""GENERADO"",""SIMULACRO-23-04-2025-I"","""",""""";;;;;
"112,""Historia del Perú"",""Batalla de Ayacucho"",""¿Qué batalla consolidó la independencia del Perú en 1824?"",""Ayacucho"",""Junín"",""Tarqui"",""Ingavi"",""Arica"",""a"",""Ayacucho"",""GENERADO"",""SIMULACRO-23-04-2025-I"","""",""""";;;;;
"113,""Historia del Perú"",""Primer Militarismo en el Perú"",""Durante el Primer Militarismo (1827-1872), predominó:"",""Gobiernos civiles"",""Inestabilidad política con caudillos militares"",""Prosperidad económica"",""Centralismo absoluto"",""Influencia europea"",""b"",""Inestabilidad política con caudillos militares"",""GENERADO"",""SIMULACRO-23-04-2025-I"","""",""""";;;;;
"114,""Historia del Perú"",""Causas de la Guerra con Chile"",""La Guerra con Chile (1879-1883) tuvo como causa principal:"",""Disputas limítrofes"",""Control del salitre"",""Diferencias ideológicas"",""Deudas económicas"",""Intervención extranjera"",""b"",""Control del salitre"",""GENERADO"",""SIMULACRO-23-04-2025-I"","""",""""";;;;;
"115,""Historia del Perú"",""República Aristocrática"",""La República Aristocrática (1895-1919) se caracterizó por:"",""Gobiernos militares"",""Predominio de la oligarquía"",""Reformas socialistas"",""Influencia norteamericana"",""Expansión territorial"",""b"",""Predominio de la oligarquía"",""GENERADO"",""SIMULACRO-23-04-2025-I"","""",""""";;;;;
"116,""Historia del Perú"",""Tercer Militarismo"",""El Tercer Militarismo (1968-1980) inició con el gobierno de:"",""Manuel Odría"",""Juan Velasco Alvarado"",""Fernando Belaunde"",""Francisco Morales Bermúdez"",""Alan García"",""b"",""Juan Velasco Alvarado"",""GENERADO"",""SIMULACRO-23-04-2025-I"","""",""""";;;;;
"117,""Historia universal"",""Primera Guerra Mundial"",""¿Qué evento inició formalmente la Primera Guerra Mundial en 1914?"",""Invasión de Polonia"",""Asesinato del archiduque Francisco Fernando"",""Bombardeo de Pearl Harbor"",""Revolución Rusa"",""Tratado de Versalles"",""b"",""Asesinato del archiduque Francisco Fernando"",""GENERADO"",""SIMULACRO-23-04-2025-I"","""",""""";;;;;
"118,""Historia universal"",""Revolución Francesa"",""La Revolución Francesa (1789) proclamó los principios de:"",""Libertad, igualdad, fraternidad"",""Orden y progreso"",""Dios, patria y rey"",""Socialismo científico"",""Paz y amor"",""a"",""Libertad, igualdad, fraternidad"",""GENERADO"",""SIMULACRO-23-04-2025-I"","""",""""";;;;;
"119,""Historia universal"",""Paz Armada"",""La Paz Armada (1871-1914) se caracterizó por:"",""Desarme generalizado"",""Carrera armamentista y alianzas"",""Paz mundial duradera"",""Expansión del comunismo"",""Aislamiento de potencias"",""b"",""Carrera armamentista y alianzas"",""GENERADO"",""SIMULACRO-23-04-2025-I"","""",""""";;;;;
"120,""Historia universal"",""Revolución Rusa"",""La Revolución Rusa de 1917 estableció:"",""Un régimen zarista"",""Un gobierno socialista"",""Una democracia liberal"",""Una monarquía constitucional"",""Un sistema fascista"",""b"",""Un gobierno socialista"",""GENERADO"",""SIMULACRO-23-04-2025-I"","""",""""";;;;;
"121,""Historia universal"",""Fin de la Segunda Guerra Mundial"",""La Segunda Guerra Mundial (1939-1945) terminó con:"",""La caída de Berlín"",""La bomba atómica en Hiroshima"",""El tratado de Versalles"",""La conferencia de Yalta"",""La creación de la ONU"",""b"",""La bomba atómica en Hiroshima"",""GENERADO"",""SIMULACRO-23-04-2025-I"","""",""""";;;;;
"122,""Historia universal"",""Ilustración"",""La Ilustración promovió principalmente:"",""El absolutismo"",""La razón y el empirismo"",""El feudalismo"",""El misticismo religioso"",""El oscurantismo"",""b"",""La razón y el empirismo"",""GENERADO"",""SIMULACRO-23-04-2025-I"","""",""""";;;;;
"123,""Geografía"",""Corrientes oceánicas: Humboldt"",""¿Qué corriente oceánica influye en el clima árido de la costa peruana?"",""Corriente del Niño"",""Corriente de Humboldt"",""Corriente de Benguela"",""Corriente de Kuroshio"",""Corriente Circumpolar"",""b"",""Corriente de Humboldt"",""GENERADO"",""SIMULACRO-23-04-2025-I"","""",""""";;;;;
"124,""Geografía"",""Límites geográficos del Perú"",""¿Qué departamento peruano limita con Ecuador?"",""Tumbes"",""Loreto"",""Madre de Dios"",""Cajamarca"",""Piura"",""a"",""Tumbes"",""GENERADO"",""SIMULACRO-23-04-2025-I"","""",""""";;;;;
"125,""Geografía"",""Erosión eólica"",""La erosión eólica es causada por:"",""Agua"",""Viento"",""Hielo"",""Gravedad"",""Actividad humana"",""b"",""Viento"",""GENERADO"",""SIMULACRO-23-04-2025-I"","""",""""";;;;;
"126,""Geografía"",""Hidrografía: Vertiente del Titicaca"",""¿Qué río pertenece a la vertiente del Titicaca?"",""Marañón"",""Ucayali"",""Desaguadero"",""Santa"",""Chira"",""c"",""Desaguadero"",""GENERADO"",""SIMULACRO-23-04-2025-I"","""",""""";;;;;
"127,""Geografía"",""Biodiversidad amazónica"",""La biodiversidad amazónica se debe principalmente a:"",""Altitud"",""Clima tropical húmedo"",""Suelos volcánicos"",""Influencia oceánica"",""Corrientes frías"",""b"",""Clima tropical húmedo"",""GENERADO"",""SIMULACRO-23-04-2025-I"","""",""""";;;;;
"128,""Geografía"",""Actividad económica andina"",""La principal actividad económica de la región andina es:"",""Pesca"",""Minería"",""Turismo"",""Agricultura"",""Manufactura"",""d"",""Agricultura"",""GENERADO"",""SIMULACRO-23-04-2025-I"","""",""""";;;;;
"129,""Ciudadanía"",""Garantías constitucionales: Hábeas corpus"",""¿Qué garantía constitucional protege contra detenciones arbitrarias?"",""Hábeas corpus"",""Hábeas data"",""Acción popular"",""Amparo"",""Inconstitucionalidad"",""a"",""Hábeas corpus"",""GENERADO"",""SIMULACRO-23-04-2025-I"","""",""""";;;;;
"130,""Ciudadanía"",""Poder Legislativo en el Perú"",""El Poder Legislativo en el Perú está representado por:"",""El Presidente"",""El Congreso"",""El Poder Judicial"",""Los gobiernos regionales"",""Los ministerios"",""b"",""El Congreso"",""GENERADO"",""SIMULACRO-23-04-2025-I"","""",""""";;;;;
"131,""Ciudadanía"",""Organismos electorales"",""¿Qué organismo supervisa las elecciones en el Perú?"",""Ministerio Público"",""Jurado Nacional de Elecciones"",""Defensoría del Pueblo"",""Contraloría"",""Banco Central"",""b"",""Jurado Nacional de Elecciones"",""GENERADO"",""SIMULACRO-23-04-2025-I"","""",""""";;;;;
"132,""Ciudadanía"",""Declaración Universal de DDHH"",""La Declaración Universal de Derechos Humanos fue adoptada en:"",""1919"",""1945"",""1948"",""1975"",""1989"",""c"",""1948"",""GENERADO"",""SIMULACRO-23-04-2025-I"","""",""""";;;;;
"133,""Ciudadanía"",""Derechos de primera generación"",""¿Qué derecho es considerado de primera generación?"",""Derecho a la educación"",""Derecho a la salud"",""Libertad de expresión"",""Derecho al trabajo"",""Derecho a un ambiente sano"",""c"",""Libertad de expresión"",""GENERADO"",""SIMULACRO-23-04-2025-I"","""",""""";;;;;
"134,""Ciudadanía"",""Objetivos de la ONU"",""La ONU fue creada para:"",""Promover el comercio"",""Mantener la paz internacional"",""Regular las migraciones"",""Controlar armamentos"",""Unificar monedas"",""b"",""Mantener la paz internacional"",""GENERADO"",""SIMULACRO-23-04-2025-I"","""",""""";;;;;
"135,""Economía"",""Demanda perfectamente inelástica"",""¿Qué indica una curva de demanda perfectamente inelástica?"",""El precio no afecta la cantidad demandada"",""La demanda varía inversamente con el ingreso"",""Los consumidores son extremadamente sensibles al precio"",""Refleja bienes de lujo"",""Muestra sustituibilidad perfecta"",""a"",""El precio no afecta la cantidad demandada"",""GENERADO"",""SIMULACRO-23-04-2025-I"","""",""""";;;;;
"136,""Economía"",""Inflación"",""La inflación es el aumento generalizado de:"",""La producción"",""Los salarios"",""Los precios"",""Las exportaciones"",""La población"",""c"",""Los precios"",""GENERADO"",""SIMULACRO-23-04-2025-I"","""",""""";;;;;
"137,""Economía"",""Regulación del sistema financiero"",""¿Qué institución regula el sistema financiero en el Perú?"",""SBS"",""BCRP"",""MEF"",""Sunat"",""CMF"",""a"",""SBS"",""GENERADO"",""SIMULACRO-23-04-2025-I"","""",""""";;;;;
"138,""Economía"",""Aranceles"",""Un arancel es un impuesto a:"",""La renta"",""Las ventas"",""Las importaciones"",""Las propiedades"",""Los servicios"",""c"",""Las importaciones"",""GENERADO"",""SIMULACRO-23-04-2025-I"","""",""""";;;;;
"139,""Economía"",""Producto Bruto Interno (PBI)"",""El PBI mide:"",""La riqueza total de un país"",""El valor de todos los bienes finales producidos"",""Las reservas internacionales"",""La deuda externa"",""El consumo familiar"",""b"",""El valor de todos los bienes finales producidos"",""GENERADO"",""SIMULACRO-23-04-2025-I"","""",""""";;;;;
"140,""Economía"",""Ley de oferta"",""En microeconomía, la ley de oferta establece que:"",""A mayor precio, menor cantidad ofrecida"",""Oferta y demanda son independientes"",""A mayor precio, mayor cantidad ofrecida"",""La oferta no depende del precio"",""El equilibrio siempre se mantiene"",""c"",""A mayor precio, mayor cantidad ofrecida"",""GENERADO"",""SIMULACRO-23-04-2025-I"","""",""""";;;;;
"141,""Psicología"",""Etapas de Piaget: Operaciones concretas"",""¿En qué etapa piagetiana los niños desarrollan la conservación de materia?"",""Sensoriomotora"",""Preoperacional"",""Operaciones concretas"",""Operaciones formales"",""Postformal"",""c"",""Operaciones concretas"",""GENERADO"",""SIMULACRO-23-04-2025-I"","""",""""";;;;;
"142,""Psicología"",""Memoria a corto plazo"",""La memoria a corto plazo tiene una capacidad de aproximadamente:"",""3-4 ítems"",""5-9 ítems"",""10-12 ítems"",""15-20 ítems"",""Ilimitada"",""b"",""5-9 ítems"",""GENERADO"",""SIMULACRO-23-04-2025-I"","""",""""";;;;;
"143,""Psicología"",""Condicionamiento clásico"",""El condicionamiento clásico fue estudiado por:"",""Skinner"",""Pavlov"",""Bandura"",""Freud"",""Maslow"",""b"",""Pavlov"",""GENERADO"",""SIMULACRO-23-04-2025-I"","""",""""";;;;;
"144,""Psicología"",""Pruebas de inteligencia fluida"",""¿Qué prueba mide inteligencia fluida?"",""Test de Rorschach"",""WAIS"",""Test de Stanford-Binet"",""Raven"",""MMPI"",""d"",""Raven"",""GENERADO"",""SIMULACRO-23-04-2025-I"","""",""""";;;;;
"145,""Psicología"",""Modelo de los cinco grandes de personalidad"",""El modelo de los cinco grandes factores de personalidad incluye:"",""Neuroticismo"",""Inconsciencia"",""Egocentrismo"",""Agresividad"",""Dependencia"",""a"",""Neuroticismo"",""GENERADO"",""SIMULACRO-23-04-2025-I"","""",""""";;;;;
"146,""Psicología"",""Zona de desarrollo próximo (Vygotsky)"",""La zona de desarrollo próximo es un concepto de:"",""Freud"",""Piaget"",""Vygotsky"",""Erikson"",""Bandura"",""c"",""Vygotsky"",""GENERADO"",""SIMULACRO-23-04-2025-I"","""",""""";;;;;
"147,""Filosofía"",""Filosofía de Protágoras"",""¿Qué filósofo propuso que 'el hombre es la medida de todas las cosas'?"",""Protágoras"",""Platón"",""Aristóteles"",""Descartes"",""Kant"",""a"",""Protágoras"",""GENERADO"",""SIMULACRO-23-04-2025-I"","""",""""";;;;;
"148,""Filosofía"",""Cogito ergo sum (Descartes)"",""El 'Cogito ergo sum' es atribuido a:"",""Kant"",""Hegel"",""Descartes"",""Nietzsche"",""Marx"",""c"",""Descartes"",""GENERADO"",""SIMULACRO-23-04-2025-I"","""",""""";;;;;
"149,""Filosofía"",""Positivismo peruano"",""¿Qué pensador peruano representó el positivismo?"",""Mariano Ibérico"",""Augusto Salazar Bondy"",""Manuel González Prada"",""Antenor Orrego"",""Javier Prado"",""e"",""Javier Prado"",""GENERADO"",""SIMULACRO-23-04-2025-I"","""",""""";;;;;
"150,""Filosofía"",""Gnoseología"",""La gnoseología estudia:"",""La belleza"",""La moral"",""El conocimiento"",""El ser"",""El lenguaje"",""c"",""El conocimiento"",""GENERADO"",""SIMULACRO-23-04-2025-I"","""",""""";;;;;
"151,""Filosofía"",""Método científico"",""El método científico se basa en:"",""Dogmas"",""Intuición"",""Empirismo"",""Tradición"",""Fe"",""c"",""Empirismo"",""GENERADO"",""SIMULACRO-23-04-2025-I"","""",""""";;;;;
"152,""Filosofía"",""Ética kantiana"",""La ética kantiana se fundamenta en:"",""Consecuencias"",""Utilidad"",""Deber"",""Placer"",""Poder"",""c"",""Deber"",""GENERADO"",""SIMULACRO-23-04-2025-I"","""",""""";;;;;
"153,""Lenguaje Audiovisual"",""Elementos del lenguaje televisivo"",""¿Qué elemento del lenguaje televisivo permite transmitir emociones sin diálogo?"",""Guión"",""Storyboard"",""Banda sonora"",""Color de vestuario"",""Duración del programa"",""c"",""Banda sonora"",""GENERADO"",""SIMULACRO-03-05-2025-I"","""",""La música y efectos sonoros generan respuestas emocionales (Zettl, 2023).""";;;;;
"154,""Lenguaje Audiovisual"",""Formatos en redes sociales"",""En redes sociales profesionales, ¿qué formato prioriza LinkedIn?"",""Videos virales"",""Textos largos"",""Publicaciones interactivas"",""Contenido multimedia profesional"",""Stories efímeras"",""d"",""Contenido multimedia profesional"",""GENERADO"",""SIMULACRO-03-05-2025-I"","""",""LinkedIn enfatiza contenido profesional como infografías y artículos técnicos (Weber, 2022).""";;;;;
"155,""Lenguaje Audiovisual"",""Lenguaje publicitario"",""¿Qué caracteriza al lenguaje de los afiches publicitarios efectivos?"",""Uso de párrafos extensos"",""Jerarquía visual clara"",""Paleta monocromática"",""Ausencia de texto"",""Tamaño pequeño"",""b"",""Jerarquía visual clara"",""GENERADO"",""SIMULACRO-03-05-2025-I"","""",""La jerarquía visual guía la atención del espectador (AMA, 2023).""";;;;;
"156,""Lenguaje Audiovisual"",""Códigos en medios impresos"",""¿Qué función cumple el código QR en medios impresos?"",""Reemplazar imágenes"",""Reducir costos"",""Vincular a contenido digital"",""Ocultar información"",""Simplificar diseños"",""c"",""Vincular a contenido digital"",""GENERADO"",""SIMULACRO-03-05-2025-I"","""",""Los códigos QR conectan soportes físicos con recursos digitales (MMA, 2021).""";;;;;
"157,""Lenguaje Audiovisual"",""Producción multimedia educativa"",""En producción multimedia educativa, ¿qué principio es esencial?"",""Saturación sensorial"",""Interactividad significativa"",""Uniformidad estética"",""Velocidad de reproducción"",""Complejidad técnica"",""b"",""Interactividad significativa"",""GENERADO"",""SIMULACRO-03-05-2025-I"","""",""La interactividad mejora el engagement pedagógico (Mayer, 2022).""";;;;;
"158,""Lenguaje Audiovisual"",""Lenguaje transmedia"",""¿Qué aspecto define al 'lenguaje transmedia'?"",""Uso exclusivo de video"",""Narrativa fragmentada en plataformas"",""Repetición idéntica de contenido"",""Ausencia de interacción"",""Soporte único"",""b"",""Narrativa fragmentada en plataformas"",""GENERADO"",""SIMULACRO-03-05-2025-I"","""",""El transmedia expande historias a través de múltiples medios (Jenkins, 2020).""";;;;;
"159,""Gramática y Ortografía"",""Conjugación de verbos"",""¿Qué error contiene: 'Hubieron muchos problemas'?"",""Uso incorrecto de 'haber'"",""Falta de concordancia"",""Tilde diacrítica"",""Preposición inadecuada"",""Orden sintáctico"",""a"",""Uso incorrecto de 'haber'"",""GENERADO"",""SIMULACRO-03-05-2025-I"","""",""'Haber' impersonal debe conjugarse en singular: 'hubo' (RAE, 2020).""";;;;;
"160,""Gramática y Ortografía"",""Concordancia de género"",""Elija la forma correcta: 'El águila ___ hermosas'"",""Este"",""Esta"",""Ese"",""Esa"",""Aquella"",""b"",""Esta"",""GENERADO"",""SIMULACRO-03-05-2025-I"","""",""Aunque lleve 'el', 'águila' es femenino y requiere 'esta' (RAE, 2019).""";;;;;
"161,""Gramática y Ortografía"",""Uso de signos de puntuación"",""¿Qué signo falta en 'Lima Perú 2024'?"",""Coma"",""Punto"",""Dos puntos"",""Punto y coma"",""Paréntesis"",""a"",""Coma"",""GENERADO"",""SIMULACRO-03-05-2025-I"","""",""Debe usarse coma tras el topónimo: 'Lima, Perú' (RAE, 2021).""";;;;;
"162,""Gramática y Ortografía"",""Conectores textuales"",""Identifique el conector adversativo:"",""Por tanto"",""Sin embargo"",""Es decir"",""Asimismo"",""En consecuencia"",""b"",""Sin embargo"",""GENERADO"",""SIMULACRO-03-05-2025-I"","""",""'Sin embargo' expresa contraste entre ideas (Montolío, 2022).""";;;;;
"163,""Gramática y Ortografía"",""Tilde diacrítica"",""¿Qué tilde diacrítica es correcta en 'Solo sé que no sé nada'?"",""sólo - sé"",""solo - sé"",""sólo - se"",""solo - se"",""No lleva tilde"",""a"",""sólo - sé"",""GENERADO"",""SIMULACRO-03-05-2025-I"","""",""'Sólo' (adverbio) y 'sé' (verbo) requieren tilde (RAE, 2019).""";;;;;
"164,""Gramática y Ortografía"",""Clases de palabras"",""En 'Los niños juegan contentos', 'contentos' es:"",""Adverbio"",""Adjetivo"",""Sustantivo"",""Verbo"",""Pronombre"",""b"",""Adjetivo"",""GENERADO"",""SIMULACRO-03-05-2025-I"","""",""Es adjetivo que modifica al sustantivo 'niños' (Alcaraz, 2021).""";;;;;
"165,""Comprensión de Texto"",""Neurociencia"",""TEXTO: 'La neurogénesis adulta en el hipocampo desafía dogmas neurocientíficos. Estudios con marcaje isotópico (Cell, 2023) demuestran que humanos generan 700 neuronas diarias. Esto revoluciona terapias para Alzheimer, aunque factores como estrés crónico reducen un 40% esta capacidad.' PREGUNTA: ¿Qué hallazgo principal menciona el texto?"",""El cerebro adulto genera neuronas"",""Las neuronas no se regeneran"",""El estrés mejora la memoria"",""Solo niños producen neuronas"",""El Alzheimer estimula neurogénesis"",""a"",""El cerebro adulto genera neuronas"",""GENERADO"",""SIMULACRO-03-05-2025-I"","""",""El texto destaca la neurogénesis en adultos (Cell, 2023).""";;;;;
"166,""Comprensión de Texto"",""Neurociencia"",""TEXTO: 'La neurogénesis adulta en el hipocampo desafía dogmas neurocientíficos. Estudios con marcaje isotópico (Cell, 2023) demuestran que humanos generan 700 neuronas diarias. Esto revoluciona terapias para Alzheimer, aunque factores como estrés crónico reducen un 40% esta capacidad.' PREGUNTA: ¿Qué factor perjudica la neurogénesis?"",""Ejercicio físico"",""Dieta balanceada"",""Estrés crónico"",""Sueño profundo"",""Aprendizaje continuo"",""c"",""Estrés crónico"",""GENERADO"",""SIMULACRO-03-05-2025-I"","""",""El estrés crónico reduce la neurogénesis en 40% (texto).""";;;;;
"167,""Antonimia"",""Vocabulario"",""Elija el antónimo de 'PRÓSPERO':"",""Acreedor"",""Adverso"",""Pujante"",""Floreciente"",""Opulento"",""b"",""Adverso"",""GENERADO"",""SIMULACRO-03-05-2025-I"","""",""'Adverso' significa desfavorable, opuesto a próspero (DLE, 2022).""";;;;;
"168,""Analogías"",""Relaciones semánticas"",""Complete la analogía: TELÉFONO es a COMUNICAR como"",""Libro es a leer"",""Martillo es a clavar"",""Microscopio es a observar"",""Computadora es a programar"",""Cuchillo es a cortar"",""c"",""Microscopio es a observar"",""GENERADO"",""SIMULACRO-03-05-2025-I"","""",""Relación instrumento-función específica (Gardner, 2021).""";;;;;
"169,""Series Verbales y Término Excluido"",""Vocabulario"",""¿Qué término no pertenece a la serie?"",""Aracnofobia"",""Claustrofobia"",""Hidrofobia"",""Termofobia"",""Agorafobia"",""d"",""Termofobia"",""GENERADO"",""SIMULACRO-03-05-2025-I"","""",""'Termofobia' no es una fobia reconocida clínicamente (DSM-5, 2022).""";;;;;
"170,""Oraciones Eliminadas"",""Coherencia textual"",""Identifique la oración incoherente: I) Los volcanes emiten lava. II) La lava se solidifica. III) El magma es líquido. IV) Los diamantes son duros."",""I"",""II"",""III"",""IV"",""Todas coherentes"",""d"",""IV"",""GENERADO"",""SIMULACRO-03-05-2025-I"","""",""La oración IV no guarda relación temática (Van Dijk, 2020).""";;;;;
"171,""Literatura"",""Signos lingüísticos"",""¿Qué elemento NO pertenece al signo lingüístico según Saussure?"",""Significante"",""Significado"",""Referente"",""Sema"",""Morfema"",""c"",""Referente"",""GENERADO"",""SIMULACRO-03-05-2025-I"","""",""El referente es externo al signo (Saussure, 1916).""";;;;;
"172,""Literatura"",""Función del lenguaje"",""En '¡Cállate ahora mismo!', predomina la función:"",""Referencial"",""Emotiva"",""Conativa"",""Fática"",""Metalingüística"",""c"",""Conativa"",""GENERADO"",""SIMULACRO-03-05-2025-I"","""",""La función conativa busca influir en el receptor (Jakobson, 1960).""";;;;;
"173,""Literatura"",""Morfología"",""¿Qué sufijo forma sustantivos de profesión?"",""-ante"",""-ción"",""-itis"",""-ble"",""-mente"",""a"",""-ante"",""GENERADO"",""SIMULACRO-03-05-2025-I"","""",""Ejemplos: cantante, docente (Alvar, 2021).""";;;;;
"174,""Gramática y Ortografía"",""Tilde diacrítica"",""¿Qué palabra requiere tilde diacrítica?"",""Solo"",""Aun"",""Este"",""Mas"",""El"",""d"",""Mas"",""GENERADO"",""SIMULACRO-03-05-2025-I"","""",""'Más' (adverbio) vs 'mas' (conjunción) (RAE, 2019).""";;;;;
"175,""Literatura"",""Figuras literarias"",""La frase 'El viento susurra secretos' usa:"",""Hipérbole"",""Personificación"",""Metonimia"",""Sinécdoque"",""Anáfora"",""b"",""Personificación"",""GENERADO"",""SIMULACRO-03-05-2025-I"","""",""Atribuye cualidades humanas al viento (Pimentel, 2022).""";;;;;
"176,""Lenguaje Audiovisual"",""Comunicación no verbal"",""En comunicación no verbal, la proxémica estudia:"",""Gestos"",""Expresiones faciales"",""Uso del espacio"",""Contacto visual"",""Posturas"",""c"",""Uso del espacio"",""GENERADO"",""SIMULACRO-03-05-2025-I"","""",""La proxémica analiza distancias interpersonales (Hall, 1966).""";;;;;
"177,""Literatura"",""Movimientos literarios"",""¿Qué movimiento literario imitó modelos grecolatinos?"",""Romanticismo"",""Clasicismo"",""Realismo"",""Vanguardismo"",""Naturalismo"",""b"",""Clasicismo"",""GENERADO"",""SIMULACRO-03-05-2025-I"","""",""El Clasicismo retomó formas clásicas (Bajtín, 2021).""";;;;;
"178,""Literatura"",""Símbolos literarios"",""En 'Los ríos profundos', el zumbayllu simboliza:"",""Opresión"",""Libertad"",""Misterio"",""Violencia"",""Nostalgia"",""b"",""Libertad"",""GENERADO"",""SIMULACRO-03-05-2025-I"","""",""El trompo representa libertad infantil (Cornejo Polar, 2020).""";;;;;
"179,""Literatura"",""Autores peruanos"",""¿Qué autor peruano escribió 'Paco Yunque'?"",""Vargas Llosa"",""Vallejo"",""Arguedas"",""Ribeyro"",""Scorza"",""b"",""Vallejo"",""GENERADO"",""SIMULACRO-03-05-2025-I"","""",""César Vallejo (Ferrari, 2022).""";;;;;
"180,""Literatura"",""Figuras literarias"",""'Tus ojos son dos luceros' emplea:"",""Hipérbole"",""Símil"",""Metáfora"",""Metonimia"",""Anáfora"",""c"",""Metáfora"",""GENERADO"",""SIMULACRO-03-05-2025-I"","""",""Identifica ojos con luceros (Pimentel, 2021).""";;;;;
"181,""Literatura"",""Vanguardias literarias"",""¿Qué vanguardia usó caligramas?"",""Dadaísmo"",""Creacionismo"",""Ultraísmo"",""Surrealismo"",""Futurismo"",""b"",""Creacionismo"",""GENERADO"",""SIMULACRO-03-05-2025-I"","""",""Huidobro en el Creacionismo (Schopf, 2020).""";;;;;
"182,""Literatura"",""Obras literarias"",""¿Qué obra pertenece al Siglo de Oro?"",""La ciudad y los perros"",""Cien años de soledad"",""La Celestina"",""Rayuela"",""Los heraldos negros"",""c"",""La Celestina"",""GENERADO"",""SIMULACRO-03-05-2025-I"","""",""'La Celestina' (1499) es prerrenacentista (Rico, 2021).""";;;;;
"183,""Biología"",""Organelas celulares"",""¿Qué organela realiza fotosíntesis?"",""Mitocondria"",""Cloroplasto"",""Núcleo"",""Ribosoma"",""Lisosoma"",""b"",""Cloroplasto"",""GENERADO"",""SIMULACRO-03-05-2025-I"","""",""Los cloroplastos contienen clorofila (Sadava, 2021).""";;;;;
"184,""Biología"",""División celular"",""En mitosis, ¿qué fase sigue a profase?"",""Telofase"",""Anafase"",""Metafase"",""Interfase"",""Citocinesis"",""c"",""Metafase"",""GENERADO"",""SIMULACRO-03-05-2025-I"","""",""Secuencia: profase-metafase-anafase-telofase (Alberts, 2020).""";;;;;
"185,""Biología"",""Genética mendeliana"",""¿Qué ley mendeliana explica herencia monohíbrida?"",""Ley de segregación"",""Ley de distribución independiente"",""Ley de dominancia"",""Ley de uniformidad"",""Ley de recombinación"",""a"",""Ley de segregación"",""GENERADO"",""SIMULACRO-03-05-2025-I"","""",""La 1° ley rige un carácter (Pierce, 2022).""";;;;;
"186,""Biología"",""Ecología"",""¿Qué organismo es productor primario?"",""Hongo"",""Bacteria"",""Planta"",""Zorro"",""Águila"",""c"",""Planta"",""GENERADO"",""SIMULACRO-03-05-2025-I"","""",""Las plantas producen alimento (Odum, 2021).""";;;;;
"187,""Biología"",""Evolución celular"",""La teoría endosimbiótica explica origen de:"",""Núcleo"",""Mitocondrias"",""Ribosomas"",""Membrana plasmática"",""Aparato de Golgi"",""b"",""Mitocondrias"",""GENERADO"",""SIMULACRO-03-05-2025-I"","""",""Mitocondrias derivan de bacterias (Margulis, 2020).""";;;;;
"188,""Biología"",""Estructura bacteriana"",""¿Qué estructura bacteriana contiene ADN?"",""Pilis"",""Nucleoide"",""Plásmido"",""Cápsula"",""Flagelo"",""b"",""Nucleoide"",""GENERADO"",""SIMULACRO-03-05-2025-I"","""",""El nucleoide es región con ADN (Madigan, 2021).""";;;;;
"189,""Anatomía"",""Endocrinología"",""¿Qué hormona regula calcio?"",""Insulina"",""Paratohormona"",""Adrenalina"",""Tiroxina"",""Glucagón"",""b"",""Paratohormona"",""GENERADO"",""SIMULACRO-03-05-2025-I"","""",""La PTH controla calcio sanguíneo (Guyton, 2021).""";;;;;
"190,""Anatomía"",""Reproducción masculina"",""¿Dónde se producen espermatozoides?"",""Próstata"",""Vesículas seminales"",""Túbulos seminíferos"",""Epidídimo"",""Conducto deferente"",""c"",""Túbulos seminíferos"",""GENERADO"",""SIMULACRO-03-05-2025-I"","""",""En túbulos de testículos (Netter, 2022).""";;;;;
"191,""Anatomía"",""Neuroanatomía"",""¿Qué estructura cerebral regula temperatura?"",""Cerebelo"",""Hipotálamo"",""Tálamo"",""Hipocampo"",""Amígdala"",""b"",""Hipotálamo"",""GENERADO"",""SIMULACRO-03-05-2025-I"","""",""El hipotálamo es termostato corporal (Bear, 2020).""";;;;;
"192,""Anatomía"",""Cardiología"",""¿Qué válvula separa aurícula/ventrículo derechos?"",""Mitral"",""Tricúspide"",""Pulmonar"",""Aórtica"",""Sigmoidea"",""b"",""Tricúspide"",""GENERADO"",""SIMULACRO-03-05-2025-I"","""",""Válvula tricúspide (Drake, 2021).""";;;;;
"193,""Anatomía"",""Histología"",""¿Qué tejido forma tendones?"",""Óseo"",""Cartilaginoso"",""Muscular"",""Nervioso"",""Conectivo denso"",""e"",""Conectivo denso"",""GENERADO"",""SIMULACRO-03-05-2025-I"","""",""Tejido conectivo denso regular (Junqueira, 2020).""";;;;;
"194,""Anatomía"",""Inmunología"",""¿Qué célula produce anticuerpos?"",""Eritrocito"",""Neutrófilo"",""Linfocito B"",""Plaqueta"",""Macrófago"",""c"",""Linfocito B"",""GENERADO"",""SIMULACRO-03-05-2025-I"","""",""Linfocitos B sintetizan inmunoglobulinas (Abbas, 2021).""";;;;;
"195,""Historia del Perú"",""Constituciones peruanas"",""¿Qué presidente promulgó la Constitución de 1993?"",""Alan García"",""Alberto Fujimori"",""Alejandro Toledo"",""Ollanta Humala"",""Valentín Paniagua"",""b"",""Alberto Fujimori"",""GENERADO"",""SIMULACRO-03-05-2025-I"","""",""Fujimori tras autogolpe de 1992 (Cotler, 2021).""";;;;;
"196,""Historia del Perú"",""Rebeliones coloniales"",""La Rebelión de Túpac Amaru II ocurrió en:"",""Siglo XVI"",""Siglo XVII"",""Siglo XVIII"",""Siglo XIX"",""Siglo XX"",""c"",""Siglo XVIII"",""GENERADO"",""SIMULACRO-03-05-2025-I"","""",""1780 durante el virreinato (Flores Galindo, 2020).""";;;;;
"197,""Historia del Perú"",""Independencia del Perú"",""¿Qué batalla consolidó la independencia?"",""Ayacucho"",""Junín"",""Tarqui"",""Ingavi"",""Arica"",""a"",""Ayacucho"",""GENERADO"",""SIMULACRO-03-05-2025-I"","""",""Ayacucho (1824) selló emancipación (Basadre, 2021).""";;;;;
"198,""Historia del Perú"",""Oncenio de Leguía"",""El Oncenio de Leguía (1919-1930) promovió:"",""Industrialización"",""Reforma agraria"",""Patria Nueva"",""Nacionalizaciones"",""Guerra con Chile"",""c"",""Patria Nueva"",""GENERADO"",""SIMULACRO-03-05-2025-I"","""",""Su lema 'Patria Nueva' (Contreras, 2020).""";;;;;
"199,""Historia del Perú"",""Conflictos internacionales"",""¿Qué conflicto internacional enfrentó Perú en 1941?"",""Guerra del Pacífico"",""Conflicto del Falso Paquisha"",""Guerra con Ecuador"",""Conflicto de La Pedrera"",""Guerra del Cenepa"",""c"",""Guerra con Ecuador"",""GENERADO"",""SIMULACRO-03-05-2025-I"","""",""Guerra peruano-ecuatoriana (Bonilla, 2022).""";;;;;
"200,""Historia del Perú"",""Movimientos políticos"",""¿Qué movimiento lideró Haya de la Torre?"",""APRA"",""Acción Popular"",""Unión Revolucionaria"",""Frente Democrático"",""Partido Comunista"",""a"",""APRA"",""GENERADO"",""SIMULACRO-03-05-2025-I"","""",""Fundó el APRA en 1924 (Klaren, 2021).""";;;;;
"201,""Historia Universal"",""Primera Guerra Mundial"",""¿Qué evento inició la Primera Guerra Mundial?"",""Invasión de Polonia"",""Asesinato de Francisco Fernando"",""Revolución Rusa"",""Tratado de Versalles"",""Crisis de los misiles"",""b"",""Asesinato de Francisco Fernando"",""GENERADO"",""SIMULACRO-03-05-2025-I"","""",""Asesinato en Sarajevo (1914) (Keegan, 2020).""";;;;;
"202,""Historia Universal"",""Revolución Industrial"",""La Revolución Industrial comenzó en:"",""Francia"",""Alemania"",""Inglaterra"",""EE.UU."",""Italia"",""c"",""Inglaterra"",""GENERADO"",""SIMULACRO-03-05-2025-I"","""",""Siglo XVIII en Inglaterra (Hobsbawm, 2021).""";;;;;
"203,""Historia Universal"",""Imperios precolombinos"",""¿Qué imperio dominó América precolombina?"",""Romano"",""Otomano"",""Inca"",""Mongol"",""Persa"",""c"",""Inca"",""GENERADO"",""SIMULACRO-03-05-2025-I"","""",""Imperio Inca fue el más extenso (Rostworowski, 2020).""";;;;;
"204,""Historia Universal"",""Revolución Francesa"",""La Revolución Francesa proclamó:"",""Libertad, igualdad, fraternidad"",""Dios, patria y rey"",""Orden y progreso"",""Paz y amor"",""Socialismo o muerte"",""a"",""Libertad, igualdad, fraternidad"",""GENERADO"",""SIMULACRO-03-05-2025-I"","""",""Este lema resumió sus ideales (Soboul, 2021).""";;;;;
"205,""Historia Universal"",""Carrera espacial"",""¿Qué país lanzó el primer satélite artificial?"",""EE.UU."",""URSS"",""China"",""Francia"",""Japón"",""b"",""URSS"",""GENERADO"",""SIMULACRO-03-05-2025-I"","""",""Sputnik 1 soviético en 1957 (McDougall, 2020).""";;;;;
"206,""Historia Universal"",""Historia de la escritura"",""¿Qué civilización creó el primer alfabeto fonético?"",""Egipcios"",""Fenicios"",""Griegos"",""Romanos"",""Persas"",""b"",""Fenicios"",""GENERADO"",""SIMULACRO-03-05-2025-I"","""",""Fenicios hacia 1200 a.C. (Bernal, 2021).""";;;;;
"207,""Geografía"",""Corrientes marinas"",""¿Qué corriente enfría la costa peruana?"",""El Niño"",""Humboldt"",""Kuroshio"",""Benguela"",""Circumpolar"",""b"",""Humboldt"",""GENERADO"",""SIMULACRO-03-05-2025-I"","""",""Corriente de Humboldt (Pulgar-Vidal, 2021).""";;;;;
"208,""Geografía"",""Límites territoriales"",""¿Qué departamento peruano limita con Brasil?"",""Tumbes"",""Madre de Dios"",""La Libertad"",""Arequipa"",""Piura"",""b"",""Madre de Dios"",""GENERADO"",""SIMULACRO-03-05-2025-I"","""",""Madre de Dios (INEI, 2022).""";;;;;
"209,""Geografía"",""Geología"",""La cordillera de los Andes se formó por:"",""Erosión"",""Sedimentación"",""Plegamiento"",""Vulcanismo"",""Glaciación"",""c"",""Plegamiento"",""GENERADO"",""SIMULACRO-03-05-2025-I"","""",""Choque de placas (Lliboutry, 2020).""";;;;;
"210,""Geografía"",""Hidrografía"",""¿Qué río pertenece a la vertiente del Pacífico?"",""Amazonas"",""Marañón"",""Ucayali"",""Rímac"",""Putumayo"",""d"",""Rímac"",""GENERADO"",""SIMULACRO-03-05-2025-I"","""",""El Rímac desemboca en el Pacífico (SENAMHI, 2021).""";;;;;
"211,""Geografía"",""Fenómenos climáticos"",""¿Qué factor causa El Niño?"",""Calentamiento oceánico"",""Aumento de vientos"",""Derretimiento glaciar"",""Deforestación"",""Contaminación"",""a"",""Calentamiento oceánico"",""GENERADO"",""SIMULACRO-03-05-2025-I"","""",""Calentamiento anómalo del Pacífico (Caviedes, 2020).""";;;;;
"212,""Geografía"",""Regiones naturales"",""La región Suni se ubica entre:"",""500-1500 msnm"",""1500-2300 msnm"",""2300-3500 msnm"",""3500-4000 msnm"",""4000-5000 msnm"",""d"",""3500-4000 msnm"",""GENERADO"",""SIMULACRO-03-05-2025-I"","""",""3500-4000 msnm (Pulgar-Vidal, 2020).""";;;;;
"213,""Ciudadanía"",""Garantías constitucionales"",""¿Qué garantía protege contra detenciones arbitrarias?"",""Hábeas corpus"",""Hábeas data"",""Acción popular"",""Amparo"",""Inconstitucionalidad"",""a"",""Hábeas corpus"",""GENERADO"",""SIMULACRO-03-05-2025-I"","""",""Protege libertad individual (Const. Perú, Art. 200).""";;;;;
"214,""Ciudadanía"",""Política monetaria"",""¿Qué organismo dirige política monetaria?"",""SBS"",""BCRP"",""MEF"",""Sunat"",""CMF"",""b"",""BCRP"",""GENERADO"",""SIMULACRO-03-05-2025-I"","""",""Banco Central de Reserva (Ley 26123).""";;;;;
"215,""Ciudadanía"",""Organismos internacionales"",""La ONU fue creada en:"",""1919"",""1945"",""1955"",""1975"",""1989"",""b"",""1945"",""GENERADO"",""SIMULACRO-03-05-2025-I"","""",""1945 tras Segunda Guerra (Carta de la ONU).""";;;;;
"216,""Ciudadanía"",""Derechos humanos"",""¿Qué derecho es de primera generación?"",""Educación"",""Salud"",""Libertad de expresión"",""Vivienda"",""Seguridad social"",""c"",""Libertad de expresión"",""GENERADO"",""SIMULACRO-03-05-2025-I"","""",""Derechos civiles y políticos (ONU, 1948).""";;;;;
"217,""Ciudadanía"",""Legislación laboral"",""¿Qué documento regula derechos laborales?"",""Código Civil"",""Código Penal"",""Constitución"",""Ley del Trabajo"",""Código del Niño"",""d"",""Ley del Trabajo"",""GENERADO"",""SIMULACRO-03-05-2025-I"","""",""Ley de Relaciones Colectivas (DL 728).""";;;;;
"218,""Ciudadanía"",""Protección al consumidor"",""¿Qué institución protege derechos del consumidor?"",""Indecopi"",""Sunat"",""SBS"",""Mincetur"",""Defensoría del Pueblo"",""a"",""Indecopi"",""GENERADO"",""SIMULACRO-03-05-2025-I"","""",""Indecopi (Ley 29571).""";;;;;
"219,""Economía"",""Teoría de la demanda"",""¿Qué indica demanda perfectamente inelástica?"",""El precio no afecta cantidad"",""Demanda varía con ingreso"",""Sensibilidad al precio"",""Refleja bienes de lujo"",""Sustituibilidad perfecta"",""a"",""El precio no afecta cantidad"",""GENERADO"",""SIMULACRO-03-05-2025-I"","""",""Cantidad no cambia ante precio (Samuelson, 2021).""";;;;;
"220,""Economía"",""Indicadores económicos"",""La inflación es aumento generalizado de:"",""Exportaciones"",""Salarios"",""Precios"",""Producción"",""Empleo"",""c"",""Precios"",""GENERADO"",""SIMULACRO-03-05-2025-I"","""",""Alza sostenida de precios (Blanchard, 2020).""";;;;;
"221,""Economía"",""Regulación financiera"",""¿Qué institución regula sistema financiero?"",""SBS"",""BCRP"",""MEF"",""Sunat"",""Indecopi"",""a"",""SBS"",""GENERADO"",""SIMULACRO-03-05-2025-I"","""",""Superintendencia de Banca (Ley 26702).""";;;;;
"222,""Economía"",""Comercio internacional"",""Un arancel es impuesto a:"",""Exportaciones"",""Ventas"",""Importaciones"",""Rentas"",""Propiedades"",""c"",""Importaciones"",""GENERADO"",""SIMULACRO-03-05-2025-I"","""",""Grava bienes importados (Krugman, 2021).""";;;;;
"223,""Economía"",""Macroeconomía"",""¿Qué mide el PBI?"",""Riqueza total"",""Valor de bienes finales"",""Reservas internacionales"",""Deuda pública"",""Consumo familiar"",""b"",""Valor de bienes finales"",""GENERADO"",""SIMULACRO-03-05-2025-I"","""",""Suma valor de bienes/servicios finales (Mankiw, 2020).""";;;;;
"224,""Economía"",""Teoría de la oferta"",""Según ley de oferta:"",""A mayor precio, menor oferta"",""Oferta y demanda independientes"",""A mayor precio, mayor oferta"",""Oferta no depende de precio"",""Equilibrio constante"",""c"",""A mayor precio, mayor oferta"",""GENERADO"",""SIMULACRO-03-05-2025-I"","""",""Productores ofrecen más con precios altos (Pindyck, 2021).""";;;;;
"225,""Psicología"",""Desarrollo cognitivo"",""¿En qué etapa piagetiana superan egocentrismo?"",""Sensoriomotora"",""Preoperacional"",""Operaciones concretas"",""Operaciones formales"",""Postformal"",""c"",""Operaciones concretas"",""GENERADO"",""SIMULACRO-03-05-2025-I"","""",""7-11 años logran descentración (Piaget, 1954).""";;;;;
"226,""Psicología"",""Condicionamiento"",""¿Quién estudió condicionamiento clásico?"",""Skinner"",""Pavlov"",""Bandura"",""Freud"",""Maslow"",""b"",""Pavlov"",""GENERADO"",""SIMULACRO-03-05-2025-I"","""",""Pavlov con perros (Pavlov, 1927).""";;;;;
"227,""Psicología"",""Evaluación psicológica"",""¿Qué prueba mide inteligencia fluida?"",""Rorschach"",""WAIS"",""Stanford-Binet"",""Raven"",""MMPI"",""d"",""Raven"",""GENERADO"",""SIMULACRO-03-05-2025-I"","""",""Matrices de Raven evalúan razonamiento (Raven, 2020).""";;;;;
"228,""Psicología"",""Neurotransmisores"",""¿Qué neurotransmisor regula placer?"",""Serotonina"",""Dopamina"",""GABA"",""Acetilcolina"",""Glutamato"",""b"",""Dopamina"",""GENERADO"",""SIMULACRO-03-05-2025-I"","""",""Dopamina en sistema de recompensa (Kandel, 2021).""";;;;;
"229,""Psicología"",""Teorías del aprendizaje"",""La zona de desarrollo próximo es de:"",""Piaget"",""Vygotsky"",""Freud"",""Bandura"",""Maslow"",""b"",""Vygotsky"",""GENERADO"",""SIMULACRO-03-05-2025-I"","""",""Teoría sociocultural (Vygotsky, 1978).""";;;;;
"230,""Psicología"",""Trastornos psicológicos"",""¿Qué trastorno implica déficit de atención e hiperactividad?"",""TDAH"",""TOC"",""Esquizofrenia"",""Depresión"",""Autismo"",""a"",""TDAH"",""GENERADO"",""SIMULACRO-03-05-2025-I"","""",""TDAH (DSM-5, 2022).""";;;;;
"231,""Filosofía"",""Filosofía moderna"",""¿Quién dijo 'Pienso, luego existo'?"",""Kant"",""Descartes"",""Nietzsche"",""Marx"",""Hume"",""b"",""Descartes"",""GENERADO"",""SIMULACRO-03-05-2025-I"","""",""Descartes en 'Discurso del método' (1637).""";;;;;
"232,""Filosofía"",""Ética"",""¿Quién propuso el utilitarismo?"",""Kant"",""Mill"",""Nietzsche"",""Hegel"",""Sartre"",""b"",""Mill"",""GENERADO"",""SIMULACRO-03-05-2025-I"","""",""John Stuart Mill (Mill, 1861).""";;;;;
"233,""Filosofía"",""Corrientes filosóficas"",""¿Qué corriente niega conocimiento cierto?"",""Racionalismo"",""Empirismo"",""Escepticismo"",""Idealismo"",""Materialismo"",""c"",""Escepticismo"",""GENERADO"",""SIMULACRO-03-05-2025-I"","""",""Escepticismo (Sexto Empírico, 2020).""";;;;;
"234,""Filosofía"",""Método socrático"",""La mayéutica socrática es:"",""Enseñar con ejemplos"",""Partir de definiciones"",""Guiar con preguntas"",""Usar analogías"",""Criticar instituciones"",""c"",""Guiar con preguntas"",""GENERADO"",""SIMULACRO-03-05-2025-I"","""",""Método de preguntas (Platón, 2021).""";;;;;
"235,""Filosofía"",""Filosofía peruana"",""¿Qué filósofo peruano representó espiritualismo?"",""González Prada"",""Deústua"",""Haya de la Torre"",""Miró Quesada"",""Salazar Bondy"",""b"",""Deústua"",""GENERADO"",""SIMULACRO-03-05-2025-I"","""",""Alejandro Deústua (Sobrevilla, 2020).""";;;;;
"236,""Filosofía"",""Ética kantiana"",""La ética kantiana se basa en:"",""Consecuencias"",""Utilidad"",""Deber"",""Placer"",""Poder"",""c"",""Deber"",""GENERADO"",""SIMULACRO-03-05-2025-I"","""",""Imperativo categórico (Kant, 1785).""";;;;;
"237,""Lenguaje Audiovisual"",""Almacenamiento en la nube"",""Ofrece un espacio de almacenamiento gratuito en la nube donde se pueden guardar todo tipo de archivos y permite también el acceso a Office Web Apps."",""OneDrive"",""Drive"",""Carretas online"",""Onenote"",""Email"",""a"",""OneDrive"",""EXAMEN ADMISIÓN"",""ORDINARIO-27-04-2025-I"","""",""""";;;;;
"238,""Lenguaje Audiovisual"",""Tipos de comunicación"",""Si recibes un volante que te invita a participar en una gran manifestación, se produce una comunicación:"",""Indirecta, de difusión y lingüística"",""bidireccional, directa, no lingüística"",""lingüística, directa y de masas"",""intrapersonal, bidireccional y de la difusión"",""lingüística, bidireccional e intrapersonal"",""a"",""Indirecta, de difusión y lingüística"",""EXAMEN ADMISIÓN"",""ORDINARIO-27-04-2025-I"","""",""""";;;;;
"239,""Gramática y Ortografía"",""Relaciones semánticas"",""¿Qué relación existe entre las palabras resaltadas en cada oración? 1)El albañil sabía que la BASE de ese edificio no era sólida. 2)Carmen sabe que la BASE de nuestra relación es la confianza."",""homonímia"",""paronímia"",""sinonímia"",""antonímia"",""polisemia"",""e"",""polisemia"",""EXAMEN ADMISIÓN"",""ORDINARIO-27-04-2025-I"","""",""""";;;;;
"240,""Gramática y Ortografía"",""Oraciones subordinadas"",""Señale la oración subordinada adverbial temporal:"",""Ella escribe historias desde que era niña."",""Comprará un auto porque no quiero caminar."",""Para leer, necesito más tiempo, amigo."",""Hace años fue esa charla que recordaba."",""Déjalo donde te indicaron."",""a"",""Ella escribe historias desde que era niña."",""EXAMEN ADMISIÓN"",""ORDINARIO-27-04-2025-I"","""",""""";;;;;
"241,""Literatura"",""Métrica poética"",""Salve al pueblo que intrépido y fuerte...' En el anterior verso se pueden contar 10 sílabas métricas, gracias al uso de"",""la diéresis"",""la ley de acentos finales"",""la sinalefa"",""la dialefa"",""la sinéresis"",""c"",""la sinalefa"",""EXAMEN ADMISIÓN"",""ORDINARIO-27-04-2025-I"","""",""""";;;;;
"242,""Literatura"",""Literatura peruana"",""El conflicto entre el mundo andino y el occidental bajo la nostálgica mirada de un niño, se refleja en la obra ……… del autor ………."",""'Los ríos profundos' - José María Arguedas."",""'La Pewit y el guerrero' - José María Arguedas."",""'Agua' - José María Arguedas."",""'Canciones y cantos del gueño Keahwa' - José María Arguedas."",""'Los Escoleros' - José María Arguedas."",""a"",""'Los ríos profundos' - José María Arguedas."",""EXAMEN ADMISIÓN"",""ORDINARIO-27-04-2025-I"","""",""""";;;;;
"243,""Antonimia"",""Relaciones léxicas"",""PEREGRINO"",""contemporáneo"",""lugareño"",""habitante"",""advenedizo"",""colterráneo"",""b"",""lugareño"",""EXAMEN ADMISIÓN"",""ORDINARIO-27-04-2025-I"","""",""""";;;;;
